,"Stillbirth rate (per 1000 total births)","Stillbirth rate (per 1000 total births)","Stillbirth rate (per 1000 total births)","Stillbirth rate (per 1000 total births)","Stillbirth rate (per 1000 total births)","Stillbirth rate (per 1000 total births)","Stillbirth rate (per 1000 total births)","Stillbirth rate (per 1000 total births)","Stillbirth rate (per 1000 total births)","Stillbirth rate (per 1000 total births)","Stillbirth rate (per 1000 total births)","Stillbirth rate (per 1000 total births)","Stillbirth rate (per 1000 total births)","Stillbirth rate (per 1000 total births)","Stillbirth rate (per 1000 total births)","Stillbirth rate (per 1000 total births)","Stillbirth rate (per 1000 total births)","Stillbirth rate (per 1000 total births)","Stillbirth rate (per 1000 total births)","Stillbirth rate (per 1000 total births)","Stillbirth rate (per 1000 total births)","Stillbirth rate (per 1000 total births)"
"Countries, territories and areas","2021","2020","2019","2018","2017","2016","2015","2014","2013","2012","2011","2010","2009","2008","2007","2006","2005","2004","2003","2002","2001","2000"
"Afghanistan","25.68 [15.31-43.48]","26.19 [15.74-43.38]","26.74 [16.2-43.57]","27.19 [16.61-44.36]","27.65 [16.94-45.32]","28.05 [17.29-45.47]","28.48 [17.71-45.66]","29.01 [17.97-46.64]","29.44 [18.38-47.07]","29.94 [18.76-48.28]","30.38 [19.16-48.98]","30.81 [19.43-49.85]","31.35 [19.69-50.64]","31.84 [19.89-51.25]","32.4 [20.2-52.27]","32.86 [20.37-53.14]","33.32 [20.49-54.26]","33.74 [20.55-55.5]","34.14 [20.72-56.46]","34.58 [20.65-57.42]","34.92 [20.69-58.54]","35.38 [20.77-59.37]"
"Albania","4.34 [3.25-5.72]","4.34 [3.32-5.59]","4.28 [3.38-5.41]","4.2 [3.4-5.16]","4.11 [3.43-4.94]","4.04 [3.44-4.76]","4.04 [3.47-4.69]","4.1 [3.55-4.7]","4.19 [3.66-4.79]","4.29 [3.75-4.89]","4.39 [3.85-5.01]","4.53 [3.95-5.2]","4.82 [4.09-5.67]","5.18 [4.26-6.29]","5.54 [4.42-6.95]","5.86 [4.58-7.51]","6.13 [4.68-8.08]","6.31 [4.73-8.51]","6.48 [4.77-8.88]","6.66 [4.81-9.3]","6.86 [4.88-9.75]","7.06 [4.91-10.2]"
"Algeria","9.82 [8.11-11.9]","9.92 [8.48-11.63]","9.98 [8.83-11.3]","10.08 [9.1-11.21]","10.27 [9.36-11.32]","10.59 [9.64-11.64]","11.08 [10.07-12.19]","11.65 [10.6-12.79]","12.28 [11.19-13.44]","12.91 [11.77-14.15]","13.59 [12.41-14.92]","14.29 [13.03-15.71]","14.99 [13.64-16.48]","15.78 [14.38-17.29]","16.62 [15.11-18.24]","17.47 [15.86-19.2]","18.36 [16.69-20.15]","19.21 [17.46-21.08]","19.84 [18.06-21.87]","20.22 [18.31-22.28]","20.29 [18.23-22.51]","20.34 [17.94-23.06]"
"Andorra","2.29 [1.58-3.33]","2.34 [1.64-3.34]","2.39 [1.68-3.37]","2.43 [1.74-3.4]","2.47 [1.77-3.42]","2.53 [1.82-3.47]","2.57 [1.88-3.5]","2.62 [1.94-3.54]","2.68 [2-3.61]","2.72 [2.03-3.64]","2.78 [2.06-3.73]","2.84 [2.11-3.8]","2.9 [2.16-3.88]","2.96 [2.21-3.95]","3.05 [2.27-4.09]","3.15 [2.31-4.26]","3.24 [2.38-4.42]","3.34 [2.42-4.61]","3.42 [2.45-4.75]","3.52 [2.48-4.95]","3.62 [2.55-5.2]","3.73 [2.59-5.42]"
"Angola","19.3 [11.7-31.76]","19.44 [11.89-31.64]","19.49 [12.09-31.62]","19.64 [12.24-31.5]","19.76 [12.36-31.38]","20.03 [12.56-31.59]","20.19 [12.82-31.86]","20.56 [13.11-32.55]","21.01 [13.46-33.06]","21.49 [13.71-33.83]","22.04 [14.05-34.53]","22.58 [14.39-35.38]","23.11 [14.71-36.26]","23.72 [15.15-36.98]","24.32 [15.57-38.21]","25.02 [16.02-39.69]","25.66 [16.34-40.84]","26.31 [16.56-42]","26.93 [16.61-43.03]","27.38 [16.76-44.53]","27.83 [16.92-45.62]","28.13 [16.93-46.47]"
"Antigua and Barbuda","5.16 [3.08-8.54]","5.26 [3.17-8.61]","5.36 [3.26-8.69]","5.47 [3.39-8.84]","5.58 [3.45-9]","5.72 [3.6-9.07]","5.83 [3.68-9.22]","5.99 [3.82-9.4]","6.16 [3.91-9.64]","6.36 [4.06-9.93]","6.59 [4.23-10.24]","6.83 [4.42-10.64]","7.1 [4.58-11.12]","7.4 [4.76-11.54]","7.64 [4.94-12.02]","7.9 [5.04-12.48]","8.16 [5.19-12.96]","8.37 [5.26-13.32]","8.55 [5.36-13.65]","8.71 [5.39-14.07]","8.8 [5.38-14.39]","8.92 [5.37-14.68]"
"Argentina","4.3 [3.71-5]","4.55 [4.11-5.03]","4.89 [4.67-5.12]","5.26 [5.06-5.47]","5.26 [5.06-5.47]","5.21 [5.02-5.42]","5.07 [4.88-5.28]","5.2 [5.01-5.41]","5.19 [5-5.4]","5.09 [4.9-5.28]","4.86 [4.68-5.06]","4.84 [4.66-5.04]","5.25 [5.04-5.45]","5.39 [5.18-5.59]","5.52 [5.31-5.74]","5.65 [5.44-5.87]","5.84 [5.62-6.07]","6.25 [6.02-6.49]","6.86 [6.61-7.12]","7.31 [7.05-7.59]","7.58 [7.3-7.87]","7.83 [7.5-8.17]"
"Armenia","10.82 [9.56-12.22]","11.23 [10.13-12.44]","11.94 [10.87-13.15]","12.65 [11.56-13.88]","13.1 [11.96-14.35]","13.46 [12.28-14.8]","13.71 [12.47-15.04]","13.8 [12.62-15.13]","13.94 [12.72-15.29]","14.27 [12.97-15.69]","14.56 [13.15-16.08]","14.74 [13.08-16.62]","14.99 [12.8-17.47]","15.34 [12.67-18.43]","15.84 [12.71-19.57]","16.42 [12.93-20.89]","17.04 [13.11-22.12]","17.64 [13.29-23.3]","18.29 [13.41-24.78]","18.95 [13.64-26.1]","19.57 [13.89-27.62]","20.23 [14.15-29.02]"
"Australia","2.39 [2.13-2.68]","2.43 [2.28-2.59]","2.51 [2.41-2.63]","2.51 [2.39-2.65]","2.56 [2.43-2.7]","2.54 [2.41-2.68]","2.62 [2.49-2.76]","2.73 [2.6-2.88]","2.79 [2.65-2.93]","2.92 [2.77-3.07]","3 [2.85-3.16]","3.08 [2.91-3.26]","3.1 [2.89-3.32]","3.09 [2.91-3.27]","3.07 [2.91-3.23]","3.13 [2.97-3.3]","3.17 [3.01-3.35]","3.23 [3.06-3.41]","3.27 [3.11-3.45]","3.29 [3.12-3.47]","3.45 [3.27-3.64]","3.68 [3.45-3.91]"
"Austria","2.44 [2.13-2.82]","2.4 [2.17-2.65]","2.31 [2.13-2.51]","2.27 [2.09-2.45]","2.28 [2.1-2.46]","2.31 [2.14-2.5]","2.36 [2.18-2.56]","2.41 [2.23-2.61]","2.45 [2.27-2.65]","2.46 [2.27-2.66]","2.47 [2.28-2.67]","2.47 [2.28-2.67]","2.46 [2.27-2.66]","2.45 [2.26-2.66]","2.5 [2.31-2.71]","2.57 [2.38-2.78]","2.61 [2.41-2.82]","2.65 [2.45-2.87]","2.73 [2.53-2.96]","2.79 [2.58-3.01]","2.79 [2.57-3.03]","2.81 [2.55-3.1]"
"Azerbaijan","8.71 [5.43-13.85]","8.9 [5.58-14.03]","9.14 [5.8-14.26]","9.44 [6.01-14.45]","9.78 [6.34-14.77]","10.16 [6.69-15.25]","10.65 [7.06-15.79]","11.2 [7.55-16.48]","11.84 [8.07-17.13]","12.55 [8.63-18.09]","13.26 [9.24-19.06]","13.95 [9.83-19.76]","14.55 [10.32-20.49]","15.18 [10.84-21.4]","15.79 [11.26-21.98]","16.33 [11.69-22.77]","16.85 [12.18-23.42]","17.4 [12.58-24.06]","17.87 [12.96-24.66]","18.27 [13.14-25.41]","18.64 [13.17-26.18]","18.93 [13.15-27.16]"
"Bahamas","11.18 [8.82-14.22]","11.35 [9.26-14.01]","11.65 [9.73-13.97]","11.69 [10.1-13.65]","11.78 [10.35-13.47]","11.86 [10.49-13.35]","11.83 [10.5-13.32]","12.07 [10.76-13.51]","12.4 [11.08-13.82]","12.67 [11.36-14.12]","13.01 [11.68-14.49]","13.26 [11.89-14.79]","13.61 [12.23-15.14]","13.93 [12.58-15.46]","14.18 [12.83-15.71]","14.43 [13.04-15.97]","14.77 [13.32-16.31]","14.85 [13.43-16.44]","14.22 [12.8-15.78]","13.1 [11.71-14.7]","12.37 [10.88-14.06]","12.14 [10.45-14.1]"
"Bahrain","5.81 [4.58-7.42]","5.86 [4.73-7.28]","5.9 [4.87-7.13]","5.95 [5.08-6.95]","5.95 [5.29-6.74]","5.86 [5.29-6.51]","5.8 [5.26-6.4]","5.86 [5.35-6.46]","5.92 [5.41-6.48]","6 [5.49-6.56]","5.94 [5.41-6.52]","5.85 [5.27-6.48]","5.85 [5.2-6.58]","5.97 [5.21-6.87]","6.19 [5.32-7.22]","6.45 [5.46-7.6]","6.72 [5.62-8.07]","7.01 [5.81-8.47]","7.29 [6.02-8.84]","7.59 [6.18-9.29]","7.89 [6.36-9.76]","8.23 [6.52-10.37]"
"Bangladesh","20.5 [16.32-25.88]","21.4 [17.46-26.22]","22.6 [18.77-27.17]","24.05 [20.32-28.47]","25.46 [21.79-29.86]","26.51 [22.85-30.78]","27.12 [23.57-31.15]","27.74 [24.23-31.7]","27.87 [24.46-31.65]","27.9 [24.63-31.58]","28.2 [24.79-32.09]","29.1 [25.43-33.16]","30.37 [26.53-34.77]","31.78 [27.51-36.56]","33.03 [28.48-38.23]","34.19 [29.6-39.68]","35.34 [30.74-40.89]","36.52 [31.71-42.26]","37.64 [32.25-43.86]","38.85 [32.97-45.55]","40.22 [33.79-47.7]","41.35 [33.95-50.44]"
"Barbados","7.6 [4.6-12.46]","7.72 [4.72-12.57]","7.86 [4.82-12.64]","7.96 [4.92-12.74]","8.08 [5.02-12.83]","8.17 [5.13-13]","8.29 [5.27-13.06]","8.37 [5.3-13.17]","8.45 [5.38-13.21]","8.5 [5.45-13.24]","8.55 [5.51-13.28]","8.58 [5.54-13.48]","8.61 [5.56-13.47]","8.65 [5.57-13.68]","8.65 [5.56-13.72]","8.65 [5.53-13.7]","8.62 [5.48-13.68]","8.58 [5.43-13.69]","8.51 [5.38-13.66]","8.42 [5.29-13.67]","8.4 [5.16-13.74]","8.38 [5.04-13.84]"
"Belarus","2.19 [1.84-2.59]","2.28 [1.98-2.6]","2.34 [2.13-2.58]","2.28 [2.11-2.48]","2.24 [2.07-2.42]","2.27 [2.11-2.45]","2.26 [2.11-2.44]","2.23 [2.08-2.4]","2.23 [2.08-2.41]","2.26 [2.1-2.43]","2.33 [2.17-2.51]","2.48 [2.31-2.66]","2.69 [2.51-2.88]","2.92 [2.72-3.13]","3.19 [2.97-3.42]","3.53 [3.26-3.84]","3.86 [3.41-4.38]","4.16 [3.51-4.92]","4.43 [3.64-5.43]","4.69 [3.73-5.94]","4.95 [3.85-6.44]","5.2 [3.93-6.92]"
"Belgium","2.93 [2.27-3.79]","2.94 [2.34-3.71]","2.95 [2.4-3.63]","2.96 [2.5-3.51]","2.96 [2.6-3.37]","2.97 [2.73-3.22]","3.01 [2.8-3.22]","3.07 [2.88-3.27]","3.07 [2.88-3.28]","3.12 [2.92-3.33]","3.14 [2.94-3.34]","3.07 [2.88-3.27]","3.07 [2.87-3.27]","3.13 [2.94-3.34]","3.18 [2.99-3.4]","3.21 [3.02-3.42]","3.24 [3.04-3.45]","3.31 [3.1-3.53]","3.39 [3.18-3.62]","3.39 [3.17-3.61]","3.34 [3.12-3.56]","3.38 [3.12-3.68]"
"Belize","6.89 [5.81-8.16]","6.89 [5.91-8.03]","6.9 [5.96-7.97]","6.99 [6.09-7.99]","7.25 [6.41-8.19]","7.55 [6.73-8.5]","7.9 [7.05-8.84]","8.26 [7.39-9.25]","8.47 [7.56-9.51]","8.65 [7.64-9.81]","8.63 [7.53-9.91]","8.54 [7.41-9.87]","8.5 [7.32-9.89]","8.62 [7.36-10.12]","8.67 [7.37-10.25]","8.81 [7.33-10.62]","9.03 [7.31-11.2]","9.28 [7.31-11.84]","9.57 [7.35-12.47]","9.84 [7.4-13.03]","10.07 [7.39-13.7]","10.31 [7.4-14.19]"
"Benin","20 [15.56-25.49]","20.22 [16.17-25.1]","20.43 [16.81-24.57]","20.6 [17.56-24.01]","20.74 [18.52-23.22]","20.96 [19.54-22.51]","21.29 [20.09-22.58]","21.43 [20.28-22.71]","22.47 [21.25-23.77]","23.7 [22.36-25.12]","24.62 [22.92-26.37]","24.98 [22.26-28.05]","25.19 [21.59-29.43]","25.39 [21.02-30.73]","25.57 [20.51-31.99]","25.8 [20.17-33.04]","26.03 [19.88-34]","26.29 [19.65-34.92]","26.61 [19.58-36.07]","27 [19.44-37.1]","27.39 [19.45-38.13]","27.75 [19.42-39.43]"
"Bhutan","9.02 [6.52-12.42]","9.17 [6.77-12.43]","9.33 [7.07-12.39]","9.51 [7.37-12.28]","9.69 [7.71-12.23]","9.9 [8.09-12.22]","10.18 [8.43-12.33]","10.54 [8.62-13]","10.96 [8.8-13.77]","11.39 [8.95-14.55]","11.82 [9.11-15.43]","12.31 [9.35-16.27]","12.78 [9.57-17.14]","13.26 [9.81-18.09]","13.73 [10-19.16]","14.26 [10.26-20.07]","14.73 [10.44-21.14]","15.19 [10.65-21.96]","15.69 [10.7-22.94]","16.13 [10.88-24.03]","16.63 [11.03-24.99]","17.09 [11.24-25.98]"
"Bolivia (Plurinational State of)","8.77 [5.77-13.18]","8.94 [5.97-13.28]","9.12 [6.16-13.35]","9.33 [6.42-13.53]","9.54 [6.7-13.67]","9.83 [6.94-13.8]","10.12 [7.29-14.02]","10.47 [7.66-14.43]","10.87 [8.03-14.76]","11.33 [8.34-15.46]","11.79 [8.59-16.2]","12.25 [8.87-16.98]","12.73 [9.09-17.77]","13.22 [9.3-18.67]","13.66 [9.52-19.48]","14.04 [9.79-20.2]","14.35 [9.88-21]","14.61 [10.02-21.69]","14.81 [10.01-22.31]","15.04 [10.02-22.76]","15.31 [10.11-23.49]","15.58 [10.2-24.14]"
"Bosnia and Herzegovina","2.68 [2.08-3.47]","2.73 [2.16-3.44]","2.75 [2.23-3.38]","2.78 [2.33-3.32]","2.81 [2.43-3.26]","2.85 [2.51-3.24]","2.89 [2.55-3.26]","2.91 [2.58-3.29]","2.94 [2.61-3.31]","3.01 [2.69-3.37]","3.12 [2.78-3.47]","3.24 [2.92-3.61]","3.37 [3.04-3.74]","3.51 [3.16-3.9]","3.59 [3.22-3.98]","3.59 [3.24-3.99]","3.6 [3.23-3.99]","3.63 [3.25-4.06]","3.69 [3.28-4.17]","3.8 [3.31-4.35]","3.94 [3.39-4.55]","4.06 [3.4-4.87]"
"Botswana","14.73 [9.76-22.51]","14.99 [10.09-22.42]","15.23 [10.39-22.33]","15.55 [10.73-22.68]","15.83 [11.14-22.83]","16.06 [11.41-22.63]","16.34 [11.84-22.56]","16.69 [12.36-22.6]","17.15 [12.9-22.91]","17.61 [13.44-23.2]","18.07 [14.03-23.4]","18.36 [14.5-23.33]","18.5 [14.91-23.03]","18.44 [15.18-22.47]","18.22 [15.45-21.54]","17.76 [15.58-20.22]","16.99 [15.48-18.65]","15.64 [14.28-17.14]","14.23 [13.08-15.45]","13.18 [12.04-14.38]","12.14 [11.16-13.22]","10.86 [9.87-11.95]"
"Brazil","6.98 [6.22-7.83]","7.04 [6.54-7.53]","6.99 [6.61-7.42]","7.11 [6.71-7.53]","7.3 [6.88-7.75]","7.88 [7.33-8.48]","7.93 [7.32-8.64]","8.15 [7.47-8.92]","8.31 [7.59-9.12]","8.41 [7.69-9.23]","8.45 [7.72-9.28]","8.5 [7.75-9.33]","8.58 [7.81-9.39]","8.66 [7.86-9.49]","8.76 [7.97-9.62]","8.89 [8.07-9.76]","9.05 [8.24-9.91]","9.26 [8.43-10.14]","9.48 [8.61-10.43]","9.65 [8.72-10.7]","9.88 [8.74-11.18]","10.12 [8.66-11.87]"
"Brunei Darussalam","4.88 [3.74-6.32]","4.87 [3.83-6.16]","4.82 [3.91-5.96]","4.74 [3.94-5.7]","4.6 [3.88-5.46]","4.44 [3.79-5.21]","4.35 [3.75-5.07]","4.31 [3.72-5.01]","4.25 [3.67-4.92]","4.2 [3.63-4.85]","4.22 [3.65-4.88]","4.28 [3.73-4.95]","4.36 [3.8-5.01]","4.45 [3.88-5.13]","4.52 [3.94-5.19]","4.58 [3.99-5.26]","4.69 [4.07-5.38]","4.81 [4.17-5.52]","4.93 [4.28-5.69]","5.03 [4.33-5.84]","5.09 [4.34-5.96]","5.12 [4.29-6.12]"
"Bulgaria","5.42 [4.99-5.91]","5.32 [4.95-5.71]","5.24 [4.9-5.61]","5.35 [5.01-5.72]","5.58 [5.23-5.95]","5.86 [5.51-6.25]","5.84 [5.48-6.22]","5.83 [5.47-6.21]","6 [5.63-6.4]","6.36 [5.98-6.77]","6.62 [6.24-7.03]","6.77 [6.38-7.19]","6.91 [6.52-7.33]","7.05 [6.65-7.47]","7.14 [6.73-7.58]","7.24 [6.83-7.68]","7.59 [7.15-8.05]","7.81 [7.36-8.28]","7.94 [7.48-8.43]","7.84 [7.39-8.31]","7.6 [7.15-8.09]","7.56 [7.03-8.14]"
"Burkina Faso","20.38 [19.01-21.82]","20.83 [19.48-22.15]","20.47 [19.01-22.07]","19.93 [18.73-21.18]","19.51 [18.43-20.66]","19.27 [18.24-20.46]","19.72 [18.65-20.9]","20.78 [19.64-21.98]","21.5 [20.29-22.73]","22.16 [20.88-23.47]","23.02 [21.44-24.63]","23.63 [21.06-26.54]","24.13 [20.7-28.19]","24.67 [20.47-29.85]","25.34 [20.44-31.49]","26.04 [20.42-33.1]","26.78 [20.47-34.77]","27.45 [20.61-36.32]","28 [20.46-37.98]","28.5 [20.52-39.31]","28.95 [20.63-40.44]","29.39 [20.73-41.69]"
"Burundi","18.24 [16.99-19.64]","18.82 [17.77-20.09]","21.44 [20.21-22.69]","24.17 [22.36-25.88]","24.94 [22.41-27.74]","25.04 [22-28.63]","25.23 [21.77-29.16]","25.4 [21.64-29.8]","25.57 [21.38-30.57]","25.68 [21.24-31.18]","25.82 [21.05-31.79]","25.94 [20.92-32.28]","25.97 [21.03-32.35]","26.08 [21.06-32.64]","26.56 [21.03-33.6]","27.01 [21.12-34.83]","27.51 [20.98-36.5]","27.9 [20.9-37.78]","28.27 [20.77-39.03]","28.61 [20.58-40]","28.9 [20.47-40.99]","29.17 [20.3-42.05]"
"Cabo Verde","9.11 [5.97-13.88]","9.32 [6.21-14.05]","9.57 [6.48-14.2]","9.87 [6.77-14.54]","10.22 [7.06-14.79]","10.62 [7.43-15.14]","11.02 [7.79-15.56]","11.46 [8.15-16.26]","11.9 [8.41-16.83]","12.33 [8.68-17.43]","12.65 [8.86-17.98]","12.95 [9.04-18.54]","13.16 [9.15-18.98]","13.3 [9.22-19.32]","13.36 [9.22-19.54]","13.39 [9.17-19.73]","13.38 [9.14-19.83]","13.43 [9.11-20.04]","13.53 [9.06-20.45]","13.8 [9.1-20.98]","14.19 [9.24-21.71]","14.61 [9.41-22.44]"
"Cambodia","11.41 [6.86-19]","11.67 [7.05-19.19]","11.93 [7.3-19.33]","12.25 [7.59-19.89]","12.6 [7.82-20.52]","13.02 [8.04-21.04]","13.48 [8.43-21.56]","14.01 [8.82-22.38]","14.64 [9.32-23.2]","15.31 [9.7-24.37]","15.93 [10.16-25.29]","16.6 [10.6-26.3]","17.29 [11.01-27.42]","17.94 [11.36-28.76]","18.74 [11.75-30.41]","19.47 [12.06-31.84]","20.27 [12.51-33.15]","21.09 [12.98-34.77]","22 [13.4-36.44]","22.93 [13.85-38.37]","23.83 [14.23-40.53]","24.69 [14.64-42.35]"
"Cameroon","18.88 [11.44-31.53]","19.08 [11.69-31.67]","19.34 [11.96-32.01]","19.64 [12.22-32.25]","19.91 [12.58-32.21]","20.26 [12.78-32.41]","20.51 [13.07-32.37]","20.78 [13.32-32.33]","20.95 [13.35-32.46]","21.12 [13.45-32.73]","21.29 [13.51-33.34]","21.44 [13.72-33.53]","21.6 [13.87-33.55]","21.82 [14.01-33.91]","21.98 [14.14-34.33]","22.13 [14.18-34.92]","22.26 [14.14-35.26]","22.5 [14.28-35.82]","22.75 [14.29-36.25]","22.97 [14.42-37.09]","23.23 [14.41-37.55]","23.59 [14.52-38.44]"
"Canada","2.78 [2.49-3.1]","2.81 [2.64-2.99]","2.83 [2.69-2.97]","2.81 [2.67-2.95]","2.81 [2.68-2.95]","2.8 [2.67-2.95]","2.83 [2.7-2.97]","2.89 [2.75-3.03]","2.87 [2.73-3.01]","2.88 [2.74-3.03]","2.91 [2.77-3.06]","2.92 [2.78-3.07]","2.99 [2.85-3.14]","3.07 [2.92-3.22]","3.1 [2.95-3.26]","3.04 [2.89-3.19]","2.97 [2.83-3.12]","2.96 [2.82-3.11]","3.04 [2.89-3.2]","3.13 [2.98-3.29]","3.21 [3.05-3.37]","3.22 [3.03-3.42]"
"Central African Republic","26.28 [15.64-44.29]","26.44 [15.97-43.98]","26.77 [16.38-43.69]","26.95 [16.79-43.55]","27.08 [17-43.51]","27.15 [17.21-43.21]","27.14 [17.29-43.14]","27.15 [17.32-42.75]","27.1 [17.44-42.41]","27.05 [17.36-42.09]","27.39 [17.55-42.59]","27.7 [17.73-43.63]","27.98 [17.85-44.15]","28.36 [18.04-44.66]","28.76 [17.98-45.52]","29.09 [18.25-45.98]","29.44 [18.47-46.91]","29.77 [18.6-47.59]","29.99 [18.59-48.12]","30.28 [18.55-49.06]","30.61 [18.49-50.18]","30.9 [18.64-51.68]"
"Chad","25.28 [15.33-41.63]","25.38 [15.5-41.29]","25.52 [15.73-41.18]","25.79 [16.05-41.35]","25.87 [16.31-41.57]","26.1 [16.52-41.75]","26.33 [16.7-41.94]","26.73 [17.12-42]","27.1 [17.37-42.38]","27.47 [17.56-42.74]","27.86 [17.8-43.3]","28.21 [17.98-43.98]","28.66 [18.06-44.79]","28.98 [18.41-45.18]","29.29 [18.55-45.85]","29.66 [18.54-46.69]","30.15 [18.86-47.93]","30.8 [19.14-49.1]","31.2 [19.33-50.49]","31.55 [19.42-51.31]","31.91 [19.54-52.48]","32.5 [19.62-53.82]"
"Chile","2.65 [2.26-3.1]","2.71 [2.41-3.05]","2.78 [2.59-2.99]","2.91 [2.75-3.07]","2.98 [2.82-3.15]","3.12 [2.95-3.3]","3.18 [3.02-3.36]","3.21 [3.04-3.39]","3.31 [3.14-3.49]","3.42 [3.25-3.61]","3.51 [3.34-3.7]","3.68 [3.5-3.87]","3.84 [3.65-4.04]","3.73 [3.54-3.93]","3.76 [3.57-3.96]","3.9 [3.66-4.15]","3.97 [3.55-4.44]","4.01 [3.41-4.67]","4.02 [3.32-4.83]","4.05 [3.24-5.02]","4.11 [3.21-5.25]","4.23 [3.22-5.55]"
"China","4.9 [3.95-6.06]","5.13 [4.27-6.16]","5.41 [4.69-6.24]","5.71 [5.2-6.27]","6.08 [5.85-6.33]","6.61 [6.39-6.85]","7.44 [7.17-7.7]","7.89 [7.63-8.17]","8.61 [8.31-8.9]","9.12 [8.79-9.47]","9.64 [8.9-10.45]","10.23 [9.27-11.26]","10.87 [9.81-12]","11.47 [10.08-13.01]","12.09 [10.39-14.01]","12.77 [10.86-14.96]","13.5 [11.38-15.96]","14.2 [12.05-16.76]","14.79 [12.64-17.33]","14.96 [12.87-17.31]","14.94 [13.13-16.97]","14.95 [13.26-16.82]"
"Colombia","7.14 [4.83-10.32]","7.28 [5.03-10.33]","7.36 [5.16-10.36]","7.49 [5.35-10.4]","7.62 [5.55-10.37]","7.74 [5.72-10.4]","7.9 [5.95-10.44]","8.06 [6.2-10.43]","8.24 [6.42-10.54]","8.38 [6.51-10.7]","8.49 [6.55-10.96]","8.62 [6.62-11.15]","8.68 [6.7-11.27]","8.74 [6.75-11.4]","8.83 [6.77-11.55]","8.89 [6.83-11.63]","8.93 [6.86-11.68]","8.95 [6.86-11.65]","8.96 [6.93-11.68]","8.99 [6.96-11.64]","9.09 [6.9-12.02]","9.27 [6.89-12.48]"
"Comoros","24.23 [14.59-40.32]","24.44 [14.93-40.67]","24.71 [15.21-40.29]","24.96 [15.51-40.26]","25.28 [15.76-40.32]","25.61 [16.07-40.39]","25.83 [16.3-40.36]","26.23 [16.56-40.79]","26.57 [16.82-41.43]","27.02 [16.98-41.93]","27.33 [17.29-42.62]","27.7 [17.54-43.15]","27.95 [17.66-43.8]","28.22 [17.8-44.23]","28.53 [17.92-44.91]","28.73 [17.94-45.31]","28.99 [18.15-45.98]","29.13 [18.22-46.35]","29.29 [18.04-47.4]","29.36 [17.91-47.82]","29.46 [17.82-48.37]","29.54 [17.74-49.15]"
"Congo","15.75 [9.5-26.38]","15.78 [9.61-26.27]","15.84 [9.73-26.1]","15.84 [9.81-25.75]","15.84 [9.91-25.46]","15.92 [10.09-25.64]","16.03 [10.23-25.61]","16.23 [10.33-25.81]","16.51 [10.54-26.12]","16.77 [10.72-26.38]","17.07 [10.83-26.69]","17.36 [11.05-27.17]","17.69 [11.28-27.97]","18.09 [11.51-28.58]","18.59 [11.72-29.12]","19.03 [11.88-30.04]","19.55 [12.16-31.12]","20.02 [12.48-32.01]","20.37 [12.65-32.86]","20.76 [12.7-33.88]","21.06 [12.76-34.7]","21.23 [12.72-35.43]"
"Cook Islands","4.73 [3.11-7.22]","4.84 [3.23-7.33]","4.96 [3.37-7.43]","5.09 [3.5-7.5]","5.24 [3.63-7.61]","5.38 [3.8-7.73]","5.55 [3.94-7.86]","5.73 [4.1-8.01]","5.94 [4.28-8.25]","6.18 [4.54-8.53]","6.46 [4.76-8.8]","6.75 [5.02-9.19]","7.08 [5.3-9.56]","7.43 [5.53-9.96]","7.78 [5.82-10.41]","8.13 [6.08-10.93]","8.45 [6.33-11.44]","8.68 [6.45-11.76]","8.9 [6.57-12.21]","9.15 [6.66-12.56]","9.43 [6.79-13.11]","9.7 [6.91-13.61]"
"Costa Rica","4.22 [3.43-5.2]","4.31 [3.64-5.1]","4.38 [3.86-4.98]","4.43 [4.06-4.83]","4.45 [4.14-4.79]","4.57 [4.28-4.9]","4.69 [4.39-5.03]","4.77 [4.45-5.11]","4.9 [4.58-5.24]","4.98 [4.66-5.31]","4.98 [4.66-5.32]","5.07 [4.75-5.41]","5.05 [4.73-5.39]","4.94 [4.62-5.29]","4.91 [4.58-5.26]","5.09 [4.72-5.5]","5.07 [4.57-5.61]","4.97 [4.41-5.6]","4.91 [4.3-5.59]","4.91 [4.24-5.66]","4.93 [4.19-5.78]","4.96 [4.13-5.98]"
"CÃ´te d'Ivoire","22.06 [13.21-36.44]","22.36 [13.53-36.65]","22.72 [13.89-36.75]","23.11 [14.31-36.83]","23.51 [14.71-37.4]","23.96 [15-37.9]","24.52 [15.42-38.46]","25.15 [15.89-39.36]","25.84 [16.38-40.17]","26.13 [16.66-40.54]","26.32 [16.88-40.68]","26.51 [17.08-41.14]","26.83 [17.3-41.96]","27.17 [17.43-42.39]","27.53 [17.44-43.01]","27.83 [17.68-43.46]","28.14 [17.78-44.53]","28.48 [17.79-45.85]","28.81 [17.79-46.94]","29.08 [17.92-48.02]","29.43 [17.84-48.6]","29.73 [17.71-49.92]"
"Croatia","3.03 [2.43-3.79]","3.05 [2.53-3.71]","3.05 [2.62-3.57]","3.04 [2.7-3.45]","3.06 [2.76-3.39]","3.13 [2.85-3.45]","3.12 [2.85-3.42]","3.08 [2.81-3.37]","3.06 [2.78-3.35]","3.09 [2.83-3.39]","3.19 [2.93-3.5]","3.35 [3.09-3.65]","3.45 [3.17-3.76]","3.58 [3.29-3.89]","3.76 [3.45-4.08]","4 [3.69-4.35]","4.25 [3.92-4.61]","4.43 [4.08-4.81]","4.6 [4.24-5.01]","4.8 [4.39-5.26]","5 [4.52-5.56]","5.16 [4.62-5.76]"
"Cuba","6.95 [5.93-8.15]","6.94 [6.18-7.79]","6.96 [6.51-7.42]","7.09 [6.72-7.48]","6.99 [6.64-7.37]","6.6 [6.27-6.96]","6.17 [5.84-6.51]","6.11 [5.79-6.45]","6.34 [6.01-6.69]","6.46 [6.14-6.81]","6.54 [6.21-6.88]","6.84 [6.5-7.21]","7.37 [7.01-7.75]","7.82 [7.43-8.22]","8.13 [7.73-8.56]","8.58 [8.16-9.01]","8.96 [8.53-9.42]","9.34 [8.9-9.79]","9.64 [9.2-10.11]","9.86 [9.41-10.32]","10.31 [9.85-10.81]","10.96 [10.39-11.57]"
"Cyprus","2.6 [2.1-3.23]","2.64 [2.19-3.2]","2.66 [2.25-3.17]","2.66 [2.26-3.14]","2.7 [2.31-3.14]","2.74 [2.37-3.18]","2.77 [2.38-3.19]","2.79 [2.4-3.24]","2.77 [2.37-3.24]","2.76 [2.33-3.26]","2.81 [2.34-3.36]","2.89 [2.34-3.54]","2.98 [2.37-3.74]","3.09 [2.39-3.97]","3.23 [2.46-4.22]","3.38 [2.51-4.5]","3.54 [2.6-4.79]","3.72 [2.68-5.13]","3.89 [2.77-5.43]","4.06 [2.84-5.76]","4.23 [2.91-6.12]","4.39 [2.98-6.44]"
"Czechia","2.73 [2.51-2.98]","2.75 [2.56-2.95]","2.71 [2.52-2.9]","2.65 [2.47-2.84]","2.67 [2.49-2.86]","2.7 [2.52-2.89]","2.69 [2.51-2.88]","2.65 [2.48-2.85]","2.61 [2.44-2.81]","2.62 [2.45-2.81]","2.62 [2.44-2.8]","2.54 [2.37-2.73]","2.5 [2.34-2.68]","2.49 [2.31-2.67]","2.6 [2.42-2.78]","2.69 [2.51-2.89]","2.72 [2.53-2.93]","2.73 [2.54-2.93]","2.76 [2.56-2.96]","2.78 [2.59-2.99]","2.81 [2.6-3.02]","2.84 [2.58-3.11]"
"Democratic People's Republic of Korea","8.3 [5.01-14.03]","8.6 [5.24-14.4]","8.81 [5.41-14.57]","9.04 [5.6-14.75]","9.24 [5.74-14.95]","9.51 [5.93-15.3]","9.75 [6.14-15.65]","10.05 [6.37-16.06]","10.39 [6.64-16.56]","10.8 [6.85-17.11]","11.19 [7.11-17.7]","11.59 [7.4-18.22]","11.88 [7.55-18.71]","12.06 [7.67-18.97]","12.13 [7.7-19.21]","12.18 [7.72-19.31]","12.34 [7.71-19.67]","12.7 [7.99-20.38]","13.27 [8.21-21.51]","13.9 [8.5-22.64]","14.67 [8.85-24]","15.35 [9.22-25.28]"
"Democratic Republic of the Congo","27.68 [21.98-34.86]","28.01 [22.81-34.39]","28.28 [23.39-34.06]","28.44 [23.82-33.85]","28.53 [24.2-33.78]","28.7 [24.39-34.01]","28.81 [24.38-34.15]","28.83 [23.98-34.41]","28.89 [23.73-35.18]","29.07 [23.43-36.26]","29.25 [23.1-37.46]","29.51 [22.79-38.24]","29.86 [22.51-39.28]","30.15 [22.34-40.34]","30.46 [22.23-41.33]","30.8 [22.17-42.6]","31.22 [22.22-43.86]","31.46 [22.05-44.95]","31.7 [21.9-45.87]","31.81 [21.6-46.81]","31.79 [21.28-47.52]","31.72 [20.98-47.81]"
"Denmark","1.91 [1.44-2.51]","1.94 [1.5-2.49]","1.97 [1.57-2.47]","2 [1.64-2.43]","2.03 [1.73-2.39]","2.05 [1.8-2.33]","2.05 [1.84-2.29]","2.04 [1.84-2.26]","2.05 [1.85-2.27]","2.06 [1.87-2.28]","2.09 [1.9-2.31]","2.15 [1.96-2.36]","2.2 [2-2.42]","2.29 [2.07-2.52]","2.4 [2.18-2.65]","2.52 [2.29-2.78]","2.64 [2.4-2.91]","2.77 [2.51-3.04]","2.93 [2.67-3.23]","3.04 [2.76-3.35]","3.12 [2.82-3.46]","3.17 [2.8-3.57]"
"Djibouti","26.75 [19.13-37.59]","27.24 [19.82-37.81]","27.8 [20.57-37.62]","28.39 [21.47-37.58]","29.04 [22.33-37.46]","29.73 [23.37-37.55]","30.38 [24.56-37.47]","31.1 [26-36.99]","31.86 [27.71-36.58]","32.55 [29.14-36.31]","33.12 [29.44-37.23]","33.59 [29.65-38.19]","34.03 [29.89-38.81]","34.22 [29.07-40.36]","34.36 [28.14-41.73]","34.5 [27.42-43.4]","34.65 [26.76-44.68]","34.71 [26.39-45.67]","34.89 [25.8-46.88]","35.11 [25.45-47.87]","35.33 [25.22-49.1]","35.69 [24.78-50.38]"
"Dominica","15.46 [9.55-25.67]","15.36 [9.51-25.28]","15.22 [9.49-24.7]","15.08 [9.46-24.34]","14.9 [9.36-23.74]","14.67 [9.29-23.3]","14.41 [9.22-22.71]","14.16 [9.11-22.13]","13.93 [9.04-21.63]","13.69 [8.9-21.14]","13.45 [8.71-20.64]","13.26 [8.48-20.29]","12.93 [8.39-19.98]","12.69 [8.17-19.79]","12.51 [8-19.52]","12.31 [7.83-19.15]","12.1 [7.64-18.93]","11.89 [7.45-18.82]","11.72 [7.35-18.71]","11.54 [7.13-18.6]","11.38 [6.96-18.48]","11.27 [6.78-18.41]"
"Dominican Republic","12.71 [7.55-21.38]","12.88 [7.79-21.5]","13.07 [7.95-21.56]","13.24 [8.1-21.74]","13.43 [8.29-21.87]","13.56 [8.49-21.82]","13.67 [8.57-21.82]","13.76 [8.73-21.82]","13.89 [8.77-21.96]","14.02 [8.84-22.04]","14.14 [8.95-22.04]","14.26 [9.09-22.27]","14.41 [9.21-22.66]","14.53 [9.3-22.87]","14.65 [9.3-23.11]","14.69 [9.28-23.28]","14.71 [9.23-23.56]","14.78 [9.17-23.84]","14.81 [9.18-24.05]","14.87 [9.09-24.22]","14.99 [9.11-24.62]","15.11 [9.12-25.03]"
"Ecuador","8.85 [5.88-13.22]","8.92 [6.05-13.16]","8.93 [6.19-13.01]","8.99 [6.34-12.89]","9.12 [6.52-12.8]","9.27 [6.75-12.77]","9.44 [7.01-12.77]","9.7 [7.31-12.86]","10.03 [7.67-12.99]","10.36 [8.09-13.17]","10.73 [8.56-13.39]","11.11 [8.98-13.73]","11.5 [9.24-14.28]","11.93 [9.49-14.97]","12.37 [9.76-15.68]","12.8 [10-16.31]","13.25 [10.27-17.02]","13.71 [10.66-17.62]","14.2 [10.98-18.3]","14.69 [11.41-18.85]","15.18 [11.82-19.47]","15.61 [11.94-20.45]"
"Egypt","9.19 [5.43-15.51]","9.37 [5.62-15.69]","9.59 [5.78-15.73]","9.83 [5.98-15.98]","10.06 [6.22-16.19]","10.29 [6.39-16.51]","10.62 [6.62-16.99]","10.96 [6.86-17.46]","11.32 [7.16-17.9]","11.73 [7.4-18.53]","12.15 [7.69-19.15]","12.59 [8.04-19.79]","13.05 [8.3-20.54]","13.51 [8.6-21.47]","13.99 [8.87-22.23]","14.44 [9.08-23.19]","14.99 [9.34-24.24]","15.4 [9.5-25.09]","15.75 [9.69-25.94]","16.2 [9.83-26.78]","16.66 [10.01-27.84]","17.09 [10.14-28.77]"
"El Salvador","8.85 [5.8-13.73]","9.05 [6-13.97]","9.24 [6.19-13.98]","9.48 [6.42-14.12]","9.74 [6.73-14.34]","10.03 [6.99-14.45]","10.32 [7.25-14.77]","10.64 [7.54-15.11]","11.02 [7.87-15.39]","11.39 [8.29-15.75]","11.8 [8.68-16.05]","12.26 [9.11-16.55]","12.67 [9.5-16.83]","13.14 [10.05-17.09]","13.62 [10.59-17.44]","14.2 [11.21-17.95]","14.99 [11.79-18.99]","15.89 [12.5-20.12]","16.86 [13.31-21.44]","17.96 [14.12-22.77]","19.17 [14.99-24.24]","20.29 [15.74-25.69]"
"Equatorial Guinea","15.01 [8.86-25.57]","15.04 [8.93-25.48]","15.06 [9.06-25.33]","15.06 [9.16-25.3]","15.12 [9.2-25.29]","15.19 [9.31-25.18]","15.31 [9.49-25.12]","15.46 [9.61-25.22]","15.58 [9.69-25.22]","15.69 [9.78-25.22]","15.81 [9.89-25.39]","15.91 [9.95-25.73]","16.06 [10-26.09]","16.38 [10.22-26.75]","16.83 [10.45-27.44]","17.28 [10.69-28.05]","17.74 [10.87-28.89]","17.95 [10.98-29.65]","18.2 [10.99-30.31]","18.39 [11-31.12]","18.52 [10.98-31.81]","18.72 [10.92-32.1]"
"Eritrea","16.14 [9.68-26.67]","16.36 [9.96-26.78]","16.58 [10.15-26.85]","16.83 [10.34-27.29]","17.02 [10.49-27.52]","17.22 [10.72-27.66]","17.44 [10.99-27.74]","17.7 [11.29-28.08]","17.94 [11.4-28.49]","18.2 [11.58-28.44]","18.43 [11.68-28.8]","18.72 [11.85-29.32]","19.02 [12.14-29.81]","19.37 [12.36-30.45]","19.59 [12.46-30.78]","19.87 [12.56-31.41]","20.18 [12.64-31.97]","20.45 [12.69-32.68]","20.67 [12.81-33.48]","20.89 [12.89-33.97]","21.2 [12.93-34.6]","21.46 [12.92-35.28]"
"Estonia","1.93 [1.56-2.4]","2.01 [1.67-2.41]","2.1 [1.79-2.47]","2.23 [1.93-2.58]","2.38 [2.08-2.72]","2.5 [2.2-2.86]","2.6 [2.3-2.95]","2.66 [2.35-3.01]","2.7 [2.38-3.05]","2.77 [2.45-3.13]","2.89 [2.56-3.26]","3.03 [2.69-3.42]","3.2 [2.85-3.59]","3.3 [2.94-3.7]","3.42 [3.04-3.83]","3.59 [3.21-4.02]","3.79 [3.39-4.24]","3.94 [3.51-4.41]","4.12 [3.66-4.63]","4.31 [3.82-4.85]","4.46 [3.92-5.05]","4.6 [3.96-5.32]"
"Eswatini","14.24 [9.3-21.81]","14.35 [9.5-21.7]","14.49 [9.66-21.52]","14.65 [9.88-21.5]","14.71 [10.14-21.43]","14.85 [10.33-21.4]","14.99 [10.51-21.27]","15.08 [10.72-21.16]","15.11 [10.88-20.94]","15.13 [10.96-20.8]","15.1 [11.08-20.45]","15.03 [11.24-20.09]","15.01 [11.36-19.79]","14.98 [11.51-19.72]","15.06 [11.51-19.83]","15.2 [11.61-20.05]","15.44 [11.77-20.38]","15.69 [11.92-20.75]","15.96 [11.9-21.28]","16.13 [11.81-21.98]","16.23 [11.7-22.43]","16.25 [11.62-22.93]"
"Ethiopia","20.56 [15.1-28.06]","21.07 [15.65-28.19]","21.6 [16.29-28.55]","22.37 [17.02-29.44]","23.09 [17.47-30.5]","23.84 [17.81-31.85]","24.53 [18.04-33.18]","25.29 [18.44-34.67]","26.06 [18.94-35.94]","26.76 [19.21-37.04]","27.42 [19.61-38.49]","27.95 [19.87-39.78]","28.48 [20.15-41.02]","29.02 [20.2-41.85]","29.6 [20.38-43.19]","30.12 [20.58-44.28]","30.56 [20.52-45.77]","30.95 [20.59-46.64]","31.35 [20.51-47.88]","31.74 [20.42-48.97]","32.22 [20.5-49.82]","32.58 [20.67-51.15]"
"Fiji","9.14 [6.92-12.02]","9.11 [7.05-11.72]","9.02 [7.18-11.3]","8.92 [7.31-10.83]","8.78 [7.45-10.32]","8.61 [7.6-9.75]","8.47 [7.66-9.39]","8.54 [7.78-9.38]","9.08 [8.31-9.89]","9.78 [8.99-10.62]","10.11 [9.26-11]","9.89 [8.94-10.92]","10.01 [8.77-11.4]","10.32 [8.83-12.1]","10.71 [9.03-12.75]","10.99 [9.13-13.22]","11.08 [9.13-13.43]","10.96 [8.98-13.37]","10.74 [8.64-13.29]","10.5 [8.26-13.38]","10.34 [7.98-13.47]","10.29 [7.74-13.68]"
"Finland","1.94 [1.64-2.29]","1.96 [1.73-2.24]","1.99 [1.78-2.22]","2.01 [1.82-2.22]","2.02 [1.84-2.22]","2.04 [1.86-2.24]","2.02 [1.85-2.21]","1.99 [1.82-2.18]","1.97 [1.79-2.16]","1.97 [1.8-2.17]","2 [1.82-2.19]","2.06 [1.88-2.26]","2.14 [1.95-2.34]","2.21 [2.02-2.41]","2.28 [2.09-2.49]","2.28 [2.09-2.49]","2.26 [2.06-2.47]","2.29 [2.09-2.5]","2.37 [2.17-2.6]","2.48 [2.27-2.71]","2.58 [2.35-2.83]","2.67 [2.39-2.98]"
"France","3.07 [2.76-3.38]","3.05 [2.91-3.2]","2.99 [2.86-3.12]","3.03 [2.91-3.16]","2.97 [2.85-3.1]","2.95 [2.83-3.08]","2.97 [2.84-3.1]","2.9 [2.78-3.03]","2.86 [2.74-2.98]","2.93 [2.79-3.07]","3.03 [2.76-3.34]","3.15 [2.77-3.6]","3.28 [2.81-3.86]","3.43 [2.89-4.08]","3.57 [2.99-4.28]","3.73 [3.11-4.49]","3.92 [3.28-4.69]","4.17 [3.53-4.95]","4.44 [3.82-5.2]","4.68 [4.13-5.33]","4.86 [4.4-5.37]","4.93 [4.44-5.46]"
"Gabon","14.1 [8.31-23.64]","14.32 [8.52-23.7]","14.49 [8.72-23.67]","14.67 [8.9-23.64]","14.83 [9.11-23.88]","15 [9.25-24.1]","15.24 [9.46-24.42]","15.52 [9.74-24.62]","15.79 [10-24.76]","16.05 [10.16-24.94]","16.3 [10.27-25.39]","16.47 [10.36-25.95]","16.65 [10.46-25.99]","16.83 [10.59-26.09]","16.96 [10.54-26.46]","17.05 [10.53-26.68]","17.17 [10.57-27.19]","17.35 [10.53-27.6]","17.4 [10.45-28.09]","17.5 [10.52-28.53]","17.6 [10.4-28.91]","17.64 [10.31-29.26]"
"Gambia","21.03 [13.62-33.05]","21.3 [14.07-33.01]","21.6 [14.38-32.95]","21.96 [14.76-33.1]","22.26 [15.15-33.4]","22.56 [15.52-33.39]","22.89 [15.75-33.52]","23.2 [16.13-33.68]","23.49 [16.42-33.54]","23.78 [16.79-33.82]","24.09 [17.16-33.88]","24.32 [17.22-34.65]","24.74 [17.33-35.53]","25.02 [17.37-36.09]","25.34 [17.41-36.79]","25.57 [17.38-37.63]","25.88 [17.41-38.34]","26.1 [17.56-39.24]","26.4 [17.54-40.38]","26.7 [17.48-41.25]","27.01 [17.62-42.09]","27.38 [17.71-42.82]"
"Georgia","5.67 [5-6.45]","5.73 [5.25-6.27]","5.74 [5.34-6.19]","5.67 [5.28-6.08]","5.89 [5.49-6.31]","6.25 [5.84-6.68]","6.58 [6.17-7.03]","7.03 [6.6-7.5]","7.58 [7.11-8.1]","8.14 [7.56-8.77]","8.52 [7.66-9.49]","8.9 [7.79-10.18]","9.35 [8-10.87]","9.93 [8.39-11.73]","10.6 [8.86-12.73]","11.46 [9.37-14]","12.36 [9.97-15.37]","13.24 [10.52-16.72]","14.14 [11.13-17.98]","14.92 [11.65-19.23]","15.49 [11.84-20.35]","15.93 [11.93-21.4]"
"Germany","2.76 [2.16-3.54]","2.78 [2.23-3.47]","2.79 [2.31-3.37]","2.8 [2.41-3.25]","2.78 [2.49-3.12]","2.71 [2.48-2.97]","2.55 [2.37-2.75]","2.37 [2.26-2.49]","2.33 [2.22-2.43]","2.3 [2.2-2.41]","2.29 [2.18-2.4]","2.3 [2.17-2.44]","2.28 [2.18-2.39]","2.34 [2.23-2.46]","2.45 [2.29-2.62]","2.56 [2.37-2.76]","2.65 [2.45-2.87]","2.72 [2.52-2.95]","2.79 [2.58-3.02]","2.85 [2.63-3.08]","2.91 [2.68-3.16]","2.96 [2.68-3.27]"
"Ghana","21.4 [15.37-29.77]","21.75 [15.94-29.78]","22.17 [16.52-29.77]","22.57 [17.14-29.91]","23 [17.9-29.84]","23.47 [18.63-29.63]","23.92 [19.46-29.45]","24.4 [20.16-29.27]","24.53 [20.27-29.63]","24.72 [20.19-30.05]","24.96 [20.37-30.54]","25.35 [20.57-31.18]","25.74 [20.83-31.75]","26.13 [21.03-32.29]","26.4 [21.24-32.73]","26.6 [21.5-32.82]","26.81 [21.77-32.79]","26.99 [22-32.99]","27.19 [21.74-33.89]","27.48 [21.45-34.99]","27.85 [21.25-36.43]","28.23 [21.08-37.78]"
"Greece","3.09 [2.82-3.38]","3.24 [3.01-3.49]","3.32 [3.1-3.56]","3.31 [3.09-3.56]","3.3 [3.09-3.55]","3.21 [2.99-3.44]","3.15 [2.94-3.38]","3.17 [2.96-3.41]","3.22 [3-3.45]","3.29 [3.07-3.52]","3.29 [3.08-3.51]","3.27 [3.07-3.49]","3.15 [2.96-3.37]","3.01 [2.81-3.22]","3.04 [2.84-3.25]","3.1 [2.9-3.31]","3.33 [3.12-3.55]","3.67 [3.44-3.91]","3.95 [3.71-4.21]","4.23 [3.97-4.5]","4.46 [4.19-4.75]","4.55 [4.22-4.92]"
"Grenada","9.07 [5.5-15.12]","9.21 [5.66-15.24]","9.28 [5.75-15.32]","9.32 [5.81-15.22]","9.38 [5.92-15.16]","9.35 [5.92-15.14]","9.34 [5.93-14.93]","9.27 [5.93-14.72]","9.16 [5.89-14.47]","9.04 [5.81-14.2]","8.9 [5.73-13.96]","8.74 [5.57-13.81]","8.61 [5.5-13.6]","8.49 [5.48-13.43]","8.45 [5.4-13.26]","8.44 [5.33-13.3]","8.47 [5.34-13.51]","8.51 [5.31-13.53]","8.55 [5.3-13.81]","8.59 [5.28-13.92]","8.61 [5.26-14.09]","8.63 [5.22-14.2]"
"Guatemala","13.34 [10.64-16.77]","13.64 [11.13-16.65]","13.8 [11.49-16.55]","13.99 [11.79-16.54]","14.22 [12.07-16.66]","14.4 [12.28-16.72]","14.54 [12.48-16.79]","14.61 [12.64-16.85]","14.73 [12.76-16.92]","14.95 [12.98-17.18]","15.44 [13.31-17.97]","15.94 [13.56-18.71]","16.4 [13.69-19.56]","16.75 [14-20.11]","17.11 [14.34-20.6]","17.5 [14.61-21.01]","17.83 [14.73-21.59]","18.19 [14.78-22.34]","18.59 [15.03-23.09]","18.98 [15.23-23.8]","19.41 [15.52-24.26]","19.86 [15.73-24.8]"
"Guinea","23.25 [14-38.94]","23.49 [14.2-38.86]","23.61 [14.55-38.57]","23.71 [14.65-38.59]","23.79 [14.93-38.36]","23.94 [15.21-38.3]","24.15 [15.38-38.43]","24.39 [15.61-38.8]","24.69 [15.74-38.98]","24.92 [15.86-39.73]","25.28 [16.02-40.04]","25.58 [16.31-40.52]","25.85 [16.43-40.94]","26.08 [16.64-41.38]","26.33 [16.74-42.13]","26.74 [17.01-42.77]","27.08 [17.26-43.45]","27.47 [17.47-44.43]","27.91 [17.51-45.44]","28.34 [17.64-46.96]","28.91 [17.74-48.4]","29.64 [18.01-50.23]"
"Guinea-Bissau","31.21 [20.48-47.35]","31.67 [21.12-47.33]","32.31 [21.87-47.7]","32.85 [22.52-48.05]","33.48 [23.09-47.97]","34.11 [23.94-48.29]","34.76 [24.67-48.85]","35.55 [25.53-49.47]","36.46 [26.59-49.78]","37.19 [27.56-50.17]","38.04 [28.45-50.86]","38.98 [29.25-52.38]","39.84 [29.79-53.18]","40.65 [30.26-54.21]","41.34 [30.7-55.5]","42.12 [31.15-56.81]","42.84 [31.39-58.31]","43.44 [31.72-59.44]","44.03 [32.1-60.83]","44.76 [32.62-61.86]","45.46 [32.7-63.66]","45.95 [32.44-65.55]"
"Guyana","13.09 [8.26-20.66]","13.51 [8.62-21.08]","13.9 [9.01-21.5]","14.21 [9.31-21.77]","14.45 [9.6-21.85]","14.71 [9.88-22.07]","14.97 [10.23-22.04]","15.31 [10.53-22.19]","15.61 [10.88-22.4]","15.93 [11.12-22.64]","16.25 [11.39-23]","16.45 [11.66-23.22]","16.67 [11.89-23.39]","16.91 [12.13-23.55]","17.14 [12.32-23.56]","17.32 [12.56-23.94]","17.51 [12.56-24.49]","17.73 [12.54-25.23]","17.97 [12.51-25.7]","18.2 [12.49-26.47]","18.36 [12.45-27.24]","18.57 [12.4-27.94]"
"Haiti","17.72 [10.62-29.63]","17.91 [10.89-29.54]","18.05 [11.08-29.57]","18.27 [11.2-29.54]","18.47 [11.46-29.8]","18.65 [11.58-29.9]","18.87 [11.84-29.88]","19 [12-30]","19.18 [12.26-30.4]","19.36 [12.39-30.51]","19.53 [12.43-31]","19.97 [12.69-31.72]","19.91 [12.58-31.51]","20.1 [12.6-32.15]","20.27 [12.74-32.46]","20.43 [12.8-32.88]","20.53 [12.75-33.4]","20.6 [12.69-33.81]","20.61 [12.71-34.11]","20.7 [12.57-34.58]","20.81 [12.57-35.25]","20.97 [12.54-35.65]"
"Honduras","8.23 [6.39-10.57]","8.37 [6.67-10.42]","8.51 [6.98-10.37]","8.68 [7.37-10.2]","8.85 [7.84-9.97]","9 [8.35-9.75]","9.18 [8.51-9.91]","9.49 [8.45-10.61]","9.85 [8.54-11.35]","10.22 [8.69-12.02]","10.61 [8.92-12.63]","11.01 [9.2-13.12]","11.39 [9.47-13.63]","11.75 [9.71-14.23]","12.14 [9.86-14.92]","12.51 [10.09-15.5]","12.87 [10.31-15.96]","13.24 [10.57-16.47]","13.61 [10.82-17]","13.9 [10.83-17.68]","14.22 [10.82-18.53]","14.44 [10.78-19.28]"
"Hungary","3.58 [3.15-4.08]","3.62 [3.32-3.93]","3.61 [3.36-3.88]","3.57 [3.33-3.82]","3.58 [3.34-3.83]","3.59 [3.36-3.85]","3.63 [3.39-3.88]","3.6 [3.36-3.85]","3.51 [3.28-3.76]","3.46 [3.23-3.71]","3.49 [3.26-3.74]","3.57 [3.33-3.83]","3.7 [3.47-3.96]","3.68 [3.44-3.92]","3.76 [3.52-4.01]","3.83 [3.59-4.08]","3.9 [3.66-4.16]","3.97 [3.73-4.24]","4.13 [3.88-4.4]","4.18 [3.92-4.44]","4.2 [3.94-4.48]","4.22 [3.9-4.57]"
"Iceland","1.79 [1.36-2.35]","1.82 [1.42-2.35]","1.85 [1.46-2.33]","1.87 [1.49-2.35]","1.9 [1.52-2.35]","1.93 [1.57-2.36]","1.94 [1.59-2.36]","1.95 [1.61-2.36]","1.95 [1.61-2.35]","1.96 [1.62-2.37]","1.98 [1.64-2.4]","2.02 [1.67-2.44]","2.08 [1.71-2.5]","2.14 [1.77-2.58]","2.2 [1.82-2.65]","2.28 [1.89-2.75]","2.34 [1.94-2.82]","2.41 [1.99-2.92]","2.46 [2.01-3]","2.53 [2.05-3.12]","2.62 [2.09-3.26]","2.71 [2.13-3.44]"
"India","12.24 [9.93-15.08]","12.66 [10.55-15.15]","13.19 [11.23-15.47]","13.93 [12.02-16.11]","14.92 [13-17.11]","16.05 [14.07-18.31]","17.28 [15.15-19.61]","18.43 [16.2-20.83]","19.03 [16.72-21.59]","19.5 [17.15-22.14]","20.03 [17.44-22.9]","20.88 [17.94-24.25]","21.83 [18.39-25.77]","22.8 [18.94-27.35]","23.76 [19.56-28.88]","24.8 [20.29-30.16]","25.85 [21.05-31.91]","26.93 [21.68-33.46]","27.74 [21.99-35.11]","28.44 [22.02-36.71]","29.13 [22.05-38.34]","29.79 [22.16-40.33]"
"Indonesia","9.07 [6.39-12.87]","9.26 [6.67-12.87]","9.44 [6.89-12.92]","9.68 [7.18-12.98]","9.91 [7.51-13.02]","10.12 [7.86-13.08]","10.38 [8.23-13.1]","10.66 [8.59-13.19]","10.98 [8.87-13.51]","11.32 [9.15-13.87]","11.7 [9.53-14.28]","12.05 [9.91-14.62]","12.4 [10.3-14.92]","12.73 [10.53-15.43]","12.99 [10.77-15.81]","13.25 [10.94-16.06]","13.55 [11.16-16.41]","13.98 [11.45-17.19]","14.39 [11.6-17.9]","14.74 [11.7-18.66]","15.04 [11.64-19.39]","15.3 [11.62-20.17]"
"Iran (Islamic Republic of)","7.21 [4.19-12.43]","7.36 [4.32-12.54]","7.51 [4.46-12.7]","7.7 [4.57-12.9]","7.87 [4.66-13.2]","8.07 [4.8-13.29]","8.25 [4.97-13.46]","8.45 [5.09-13.67]","8.65 [5.26-13.89]","8.86 [5.41-14.2]","9.1 [5.58-14.55]","9.4 [5.79-15.09]","9.72 [6.03-15.55]","10.07 [6.24-16.06]","10.38 [6.4-16.55]","10.71 [6.65-17.21]","11.04 [6.83-17.75]","11.33 [6.96-18.41]","11.6 [7.07-19.11]","11.91 [7.17-19.76]","12.19 [7.28-20.3]","12.43 [7.36-21.01]"
"Iraq","11.68 [7.14-19.51]","11.89 [7.41-19.67]","12.13 [7.55-19.88]","12.45 [7.82-20.18]","12.77 [8.14-20.53]","13.08 [8.37-20.98]","13.48 [8.59-21.52]","13.79 [8.86-21.78]","14.09 [9.08-22.31]","14.47 [9.29-22.82]","14.81 [9.52-23.4]","15.08 [9.75-23.8]","15.38 [9.94-24.55]","15.68 [10.15-25.08]","15.98 [10.27-25.62]","16.2 [10.36-26.04]","16.46 [10.38-26.58]","16.69 [10.5-26.96]","16.85 [10.51-27.51]","17.05 [10.47-28.01]","17.2 [10.48-28.65]","17.31 [10.5-29.27]"
"Ireland","2.52 [2.09-3.03]","2.57 [2.22-2.97]","2.61 [2.34-2.9]","2.67 [2.44-2.92]","2.8 [2.57-3.04]","3.01 [2.78-3.25]","3.19 [2.95-3.43]","3.28 [3.05-3.54]","3.32 [3.09-3.57]","3.36 [3.12-3.63]","3.48 [3.24-3.74]","3.68 [3.43-3.94]","3.84 [3.59-4.12]","3.98 [3.72-4.26]","4.13 [3.86-4.43]","4.18 [3.9-4.49]","4.27 [3.98-4.59]","4.47 [4.17-4.79]","4.67 [4.36-5]","4.8 [4.49-5.15]","4.88 [4.54-5.26]","4.97 [4.53-5.44]"
"Israel","2.74 [2.43-3.09]","2.75 [2.55-2.97]","2.71 [2.55-2.89]","2.75 [2.59-2.92]","2.76 [2.6-2.93]","2.8 [2.64-2.98]","2.75 [2.59-2.92]","2.78 [2.62-2.96]","2.82 [2.65-2.99]","2.8 [2.64-2.97]","2.74 [2.58-2.92]","2.73 [2.56-2.91]","2.84 [2.67-3.02]","3 [2.83-3.19]","3.1 [2.92-3.29]","3.1 [2.91-3.29]","3.01 [2.82-3.2]","3.02 [2.83-3.22]","3.29 [3.08-3.5]","3.57 [3.34-3.83]","3.98 [3.67-4.34]","4.25 [3.82-4.74]"
"Italy","2.22 [1.79-2.76]","2.28 [1.89-2.75]","2.33 [2-2.71]","2.39 [2.14-2.66]","2.46 [2.32-2.61]","2.6 [2.47-2.72]","2.67 [2.54-2.79]","2.6 [2.46-2.74]","2.48 [2.29-2.68]","2.4 [2.2-2.62]","2.36 [2.18-2.55]","2.34 [2.21-2.48]","2.32 [2.14-2.51]","2.3 [2.09-2.54]","2.32 [2.1-2.57]","2.37 [2.15-2.63]","2.45 [2.2-2.72]","2.5 [2.25-2.78]","2.56 [2.3-2.85]","2.62 [2.35-2.93]","2.7 [2.4-3.04]","2.79 [2.42-3.2]"
"Jamaica","14.36 [11.3-18.26]","14.64 [11.88-18.05]","14.91 [12.51-17.8]","15.25 [13.23-17.52]","15.52 [13.94-17.33]","15.64 [13.79-17.82]","15.74 [13.53-18.37]","15.82 [13.44-18.72]","15.91 [13.41-19.01]","16.03 [13.55-19.04]","16.18 [13.81-18.97]","16.3 [14.12-18.86]","16.49 [14.44-18.96]","16.7 [14.66-19.04]","16.89 [14.91-19.21]","17.18 [15.18-19.47]","17.46 [15.39-19.77]","17.63 [15.51-20.07]","17.87 [15.56-20.49]","18.07 [15.42-21.11]","18.19 [15.09-21.95]","18.29 [14.74-22.81]"
"Japan","1.58 [1.49-1.67]","1.54 [1.47-1.62]","1.56 [1.49-1.63]","1.58 [1.5-1.65]","1.67 [1.6-1.75]","1.74 [1.67-1.83]","1.79 [1.72-1.87]","1.8 [1.73-1.88]","1.84 [1.76-1.93]","1.91 [1.83-1.99]","2 [1.92-2.09]","2.04 [1.95-2.12]","2.05 [1.97-2.14]","2.04 [1.96-2.13]","2.07 [1.99-2.16]","2.16 [2.07-2.25]","2.23 [2.14-2.33]","2.28 [2.19-2.37]","2.38 [2.28-2.48]","2.45 [2.35-2.54]","2.47 [2.38-2.58]","2.54 [2.43-2.66]"
"Jordan","9 [5.88-13.91]","9.13 [6-14]","9.23 [6.13-13.92]","9.36 [6.31-13.87]","9.44 [6.49-13.69]","9.54 [6.67-13.69]","9.64 [6.81-13.69]","9.72 [6.99-13.61]","9.84 [7.16-13.56]","9.94 [7.32-13.55]","10.07 [7.54-13.47]","10.2 [7.74-13.5]","10.36 [7.95-13.58]","10.51 [8.2-13.59]","10.7 [8.41-13.62]","10.92 [8.56-13.98]","11.17 [8.68-14.36]","11.41 [8.8-14.77]","11.66 [8.99-15.15]","11.87 [9.14-15.45]","12.06 [9.32-15.6]","12.23 [9.38-15.94]"
"Kazakhstan","8.12 [7.31-9]","7.55 [7.15-7.91]","6.05 [5.79-6.34]","5.74 [5.51-6]","5.92 [5.65-6.2]","6.04 [5.6-6.51]","6.19 [5.72-6.69]","6.41 [5.94-6.94]","6.65 [6.15-7.18]","6.94 [6.44-7.49]","7.17 [6.64-7.74]","7.45 [6.89-8.05]","7.86 [7.21-8.56]","8.44 [7.56-9.43]","8.87 [7.66-10.31]","9.23 [7.72-11.03]","9.52 [7.71-11.7]","9.78 [7.74-12.37]","10.07 [7.79-13.18]","10.4 [7.85-13.91]","10.72 [7.9-14.58]","11.01 [7.95-15.27]"
"Kenya","18.53 [17.35-19.9]","19.2 [18.15-20.33]","19.55 [18.43-20.63]","19.61 [18.31-20.87]","19.31 [17.49-21.31]","18.96 [16.82-21.42]","18.78 [16.4-21.49]","18.6 [16.05-21.52]","18.41 [15.72-21.56]","18.31 [15.41-21.78]","18.15 [15.04-21.9]","18.01 [14.63-22.25]","18.12 [14.37-22.91]","18.25 [14.18-23.56]","18.5 [14.06-24.28]","18.76 [14.11-24.94]","18.98 [13.99-25.7]","19.13 [13.91-26.31]","19.28 [13.79-26.98]","19.41 [13.5-27.61]","19.51 [13.41-28.23]","19.57 [13.29-28.76]"
"Kiribati","14.12 [8.36-23.84]","14.28 [8.52-23.83]","14.48 [8.72-23.9]","14.7 [8.92-23.93]","14.92 [9.09-24.21]","15.14 [9.35-24.39]","15.34 [9.61-24.43]","15.69 [9.83-25.13]","15.97 [9.97-25.36]","16.15 [10.11-25.78]","16.26 [10.12-25.91]","16.3 [10.12-25.9]","16.43 [10.18-25.93]","16.49 [10.2-26.06]","16.56 [10.27-26.35]","16.66 [10.29-26.55]","16.77 [10.31-26.75]","16.91 [10.38-27.16]","17.08 [10.39-27.73]","17.27 [10.4-28.28]","17.44 [10.44-28.71]","17.68 [10.5-29.38]"
"Kuwait","5.42 [3.21-8.93]","5.42 [3.24-8.89]","5.42 [3.28-8.82]","5.4 [3.29-8.72]","5.36 [3.3-8.69]","5.37 [3.31-8.58]","5.37 [3.34-8.6]","5.39 [3.38-8.57]","5.44 [3.44-8.66]","5.52 [3.47-8.77]","5.63 [3.54-8.91]","5.73 [3.63-9.07]","5.81 [3.68-9.22]","5.9 [3.73-9.35]","5.97 [3.73-9.42]","6.04 [3.77-9.58]","6.11 [3.81-9.71]","6.21 [3.85-9.94]","6.29 [3.89-10.21]","6.39 [3.91-10.52]","6.51 [3.96-10.75]","6.64 [3.96-11.03]"
"Kyrgyzstan","6.41 [5.38-7.66]","6.54 [5.69-7.54]","6.69 [6.09-7.38]","6.92 [6.51-7.36]","7.09 [6.54-7.69]","7.31 [6.61-8.09]","7.58 [6.71-8.55]","7.85 [6.88-8.95]","8.11 [7.19-9.15]","8.37 [7.6-9.17]","8.63 [8.17-9.12]","8.96 [8.56-9.39]","9.26 [8.77-9.8]","9.57 [8.61-10.64]","9.84 [8.44-11.44]","10.06 [8.36-12.07]","10.2 [8.21-12.72]","10.36 [8.1-13.25]","10.51 [8.01-13.67]","10.64 [7.98-14.16]","10.77 [7.9-14.62]","10.95 [7.89-15.2]"
"Lao People's Democratic Republic","16.07 [10.11-25.57]","16.32 [10.42-25.62]","16.58 [10.67-25.9]","16.9 [11.04-26]","17.28 [11.34-26.22]","17.59 [11.7-26.45]","17.98 [12.12-26.75]","18.38 [12.34-27.3]","18.75 [12.6-27.78]","19.16 [12.86-28.45]","19.5 [12.98-29.05]","19.78 [13.11-29.57]","20.13 [13.31-30.43]","20.46 [13.42-31.02]","20.83 [13.51-31.56]","21.13 [13.71-32.15]","21.45 [13.92-33.03]","21.76 [14.09-33.92]","22.15 [14.14-34.78]","22.5 [14.2-35.74]","22.85 [14.19-36.83]","23.19 [14.29-37.46]"
"Latvia","3.4 [2.97-3.93]","3.44 [3.05-3.9]","3.46 [3.1-3.89]","3.51 [3.16-3.92]","3.56 [3.2-3.95]","3.61 [3.26-4]","3.66 [3.31-4.05]","3.76 [3.4-4.15]","3.89 [3.52-4.3]","4.04 [3.65-4.46]","4.16 [3.78-4.6]","4.21 [3.82-4.65]","4.24 [3.84-4.69]","4.27 [3.87-4.69]","4.3 [3.9-4.72]","4.46 [4.04-4.9]","4.66 [4.23-5.13]","4.92 [4.47-5.4]","5.24 [4.77-5.76]","5.62 [5.12-6.19]","5.76 [5.2-6.37]","5.95 [5.28-6.7]"
"Lebanon","5.94 [3.51-9.97]","5.98 [3.58-9.89]","6.02 [3.62-9.86]","6.11 [3.74-10]","6.22 [3.85-10.14]","6.33 [3.95-10.27]","6.44 [4.02-10.37]","6.57 [4.1-10.5]","6.7 [4.21-10.66]","6.89 [4.34-10.85]","7.07 [4.49-11.08]","7.27 [4.61-11.5]","7.56 [4.79-11.97]","7.89 [4.99-12.48]","8.22 [5.21-13.04]","8.62 [5.42-13.68]","9.02 [5.62-14.37]","9.4 [5.83-15.08]","9.77 [6.04-15.78]","10.12 [6.17-16.49]","10.45 [6.35-17.34]","10.82 [6.48-18.11]"
"Lesotho","26.66 [18.09-39.25]","26.89 [18.53-38.96]","27.14 [18.91-38.66]","27.44 [19.48-38.42]","27.7 [19.98-38.27]","27.99 [20.45-38.08]","28.37 [21.16-37.83]","28.7 [21.71-37.72]","29 [22.3-37.47]","29.39 [22.83-37.66]","29.88 [23.33-38.5]","30.36 [23.55-39.47]","31.02 [24-40.03]","31.43 [24.32-40.69]","32.03 [24.62-41.53]","32.64 [25.09-42.25]","33.23 [25.59-43.12]","33.93 [26.18-44.03]","34.75 [26.78-44.71]","35.66 [27.41-45.59]","36.35 [27.86-46.45]","36.56 [27.53-47.53]"
"Liberia","22.86 [13.66-37.78]","23.11 [13.97-37.73]","23.33 [14.25-38]","23.53 [14.46-38.05]","23.77 [14.73-38.22]","23.96 [14.98-38.15]","24.03 [15.11-38.02]","24.17 [15.22-37.75]","24.3 [15.39-38.11]","24.4 [15.41-38.01]","24.51 [15.55-38.17]","24.69 [15.73-38.46]","24.94 [15.96-39.17]","25.42 [16.16-39.84]","25.86 [16.42-40.92]","26.32 [16.64-41.61]","26.87 [16.91-42.8]","27.48 [17.18-43.99]","28.15 [17.49-45.6]","28.74 [17.88-46.54]","29.55 [18.3-47.93]","30.2 [18.55-49.14]"
"Libya","6.84 [3.99-11.56]","6.98 [4.15-11.64]","7.11 [4.31-11.72]","7.26 [4.41-11.92]","7.38 [4.54-12.04]","7.51 [4.65-12.11]","7.61 [4.78-12.33]","7.75 [4.84-12.51]","7.89 [4.92-12.71]","8.07 [5.07-12.94]","8.32 [5.22-13.22]","8.52 [5.35-13.57]","8.79 [5.56-14.07]","9.13 [5.78-14.67]","9.49 [6.01-15.24]","9.89 [6.23-15.98]","10.28 [6.42-16.63]","10.59 [6.55-17.37]","10.87 [6.66-17.99]","11.08 [6.76-18.53]","11.3 [6.85-18.91]","11.51 [6.88-19.31]"
"Lithuania","2.57 [2.22-2.95]","2.69 [2.39-3.02]","2.81 [2.52-3.11]","2.89 [2.6-3.2]","2.95 [2.67-3.25]","3.03 [2.75-3.33]","3.05 [2.77-3.36]","3.08 [2.8-3.39]","3.13 [2.84-3.44]","3.21 [2.91-3.53]","3.32 [3-3.69]","3.43 [3.05-3.89]","3.57 [3.05-4.18]","3.76 [3.11-4.55]","4.01 [3.21-4.96]","4.23 [3.32-5.39]","4.42 [3.39-5.74]","4.54 [3.42-6.07]","4.6 [3.38-6.25]","4.66 [3.36-6.43]","4.74 [3.35-6.63]","4.87 [3.41-6.95]"
"Luxembourg","3.61 [2.84-4.58]","3.65 [2.94-4.53]","3.67 [3.02-4.41]","3.63 [3.06-4.29]","3.6 [3.07-4.22]","3.58 [3.07-4.17]","3.58 [3.09-4.15]","3.55 [3.07-4.11]","3.55 [3.06-4.1]","3.54 [3.06-4.08]","3.5 [3.03-4.05]","3.41 [2.94-3.94]","3.32 [2.85-3.85]","3.19 [2.74-3.72]","3.1 [2.64-3.63]","3.06 [2.62-3.57]","3.05 [2.6-3.58]","3.07 [2.61-3.62]","3.15 [2.65-3.73]","3.26 [2.72-3.88]","3.4 [2.81-4.09]","3.54 [2.88-4.32]"
"Madagascar","18.36 [13.72-24.67]","18.53 [14.2-24.33]","18.65 [14.59-23.86]","18.8 [14.92-23.71]","18.85 [14.85-23.86]","18.8 [14.68-23.96]","18.77 [14.66-23.96]","18.74 [14.63-23.97]","18.66 [14.5-24.18]","18.58 [14.39-24.29]","18.56 [14.34-24.12]","18.5 [14.32-24.06]","18.45 [14.27-23.85]","18.45 [14.37-23.83]","18.43 [14.54-23.65]","18.52 [14.58-23.81]","18.82 [14.62-24.44]","19.17 [14.61-25.56]","19.51 [14.56-26.39]","19.84 [14.59-27.33]","20.13 [14.55-28.16]","20.5 [14.54-29.04]"
"Malawi","16.06 [13.21-19.43]","16.26 [13.84-19.04]","16.42 [14.65-18.43]","16.62 [15.53-17.8]","16.86 [15.87-17.86]","16.91 [15.98-17.92]","17.27 [16.31-18.28]","17.63 [16.51-18.86]","18.11 [16.31-20.12]","18.64 [16.33-21.32]","19.2 [16.47-22.39]","19.76 [16.68-23.45]","20.12 [16.73-24.23]","20.1 [16.5-24.71]","19.96 [16.2-24.84]","19.82 [16.06-24.73]","19.8 [15.96-24.8]","19.94 [16.1-24.95]","20.2 [16.43-25.34]","20.62 [16.7-25.97]","21.28 [16.87-27.34]","21.97 [16.89-28.91]"
"Malaysia","5.04 [4.8-5.29]","5.13 [4.97-5.29]","5.32 [5.15-5.49]","5.42 [5.2-5.65]","5.37 [5.15-5.6]","5.07 [4.87-5.28]","4.56 [4.38-4.76]","4.33 [4.16-4.52]","4.31 [4.14-4.5]","4.35 [4.17-4.53]","4.45 [4.27-4.65]","4.48 [4.29-4.68]","4.42 [4.24-4.61]","4.34 [4.13-4.56]","4.31 [3.9-4.77]","4.3 [3.73-5]","4.31 [3.59-5.19]","4.33 [3.48-5.37]","4.38 [3.44-5.54]","4.46 [3.42-5.74]","4.57 [3.45-6.05]","4.73 [3.5-6.42]"
"Maldives","4.82 [3.91-5.91]","4.97 [4.16-5.91]","5.14 [4.41-5.99]","5.33 [4.61-6.15]","5.56 [4.86-6.35]","5.85 [5.14-6.64]","6.1 [5.39-6.9]","6.3 [5.57-7.14]","6.55 [5.78-7.4]","6.81 [6.03-7.71]","7.13 [6.3-8.07]","7.53 [6.65-8.51]","7.99 [7.06-9.01]","8.53 [7.51-9.64]","9.21 [8.09-10.52]","9.94 [8.58-11.53]","10.58 [8.9-12.66]","11.31 [9.24-13.91]","12.09 [9.55-15.35]","13.02 [10.07-16.89]","14.02 [10.57-18.65]","14.94 [10.96-20.41]"
"Mali","23.38 [14.4-38.26]","23.6 [14.79-38.43]","23.88 [15.08-38.46]","24.24 [15.34-38.75]","24.59 [15.69-38.91]","24.94 [15.96-39.33]","25.24 [16.18-39.88]","25.56 [16.49-40.2]","25.85 [16.78-40.6]","26.17 [16.97-41.2]","26.43 [17.18-41.59]","26.91 [17.49-42.03]","27.31 [17.58-42.75]","27.65 [17.93-43.23]","28.1 [18.02-43.85]","28.52 [18.26-44.75]","28.91 [18.4-45.78]","29.5 [18.62-46.77]","30.11 [18.88-48]","30.91 [19.19-49.07]","31.46 [19.43-50.61]","32.14 [19.63-52.49]"
"Malta","2.94 [2.35-3.68]","2.98 [2.42-3.66]","3 [2.47-3.63]","3.04 [2.52-3.65]","3.1 [2.58-3.68]","3.16 [2.66-3.72]","3.23 [2.73-3.8]","3.33 [2.82-3.92]","3.4 [2.89-3.99]","3.47 [2.95-4.08]","3.56 [3.04-4.19]","3.62 [3.09-4.25]","3.66 [3.11-4.3]","3.65 [3.08-4.31]","3.59 [3.03-4.25]","3.55 [2.99-4.21]","3.57 [2.99-4.24]","3.62 [3.03-4.31]","3.67 [3.06-4.4]","3.73 [3.09-4.51]","3.78 [3.09-4.62]","3.83 [3.07-4.75]"
"Marshall Islands","11.31 [6.72-18.74]","11.52 [6.95-18.71]","11.71 [7.1-18.95]","11.91 [7.27-19.11]","12.11 [7.49-19.45]","12.34 [7.71-19.76]","12.55 [7.89-19.93]","12.74 [8.06-20.05]","12.9 [8.14-20.14]","13 [8.23-20.32]","13.04 [8.28-20.44]","13.12 [8.33-20.48]","13.16 [8.33-20.68]","13.22 [8.41-20.87]","13.25 [8.37-20.93]","13.32 [8.29-21.18]","13.42 [8.3-21.49]","13.49 [8.27-21.77]","13.54 [8.23-22.05]","13.59 [8.24-22.48]","13.63 [8.26-22.76]","13.63 [8.21-22.92]"
"Mauritania","16.71 [12.05-23.16]","16.92 [12.45-23.09]","17.16 [12.91-22.89]","17.44 [13.33-22.89]","17.69 [13.77-22.78]","17.98 [14.01-23.34]","18.25 [14.07-23.89]","18.61 [14.21-24.67]","18.87 [14.22-25.26]","19.19 [14.13-26]","19.51 [14.18-26.82]","19.8 [14.31-27.6]","20.13 [14.49-28.32]","20.56 [14.51-29.38]","21.04 [14.68-30.54]","21.61 [14.8-31.69]","22.25 [14.97-32.77]","22.89 [15.13-34.19]","23.42 [15.48-35.4]","23.95 [15.57-36.73]","24.33 [15.64-37.89]","24.76 [15.76-38.79]"
"Mauritius","10.34 [9.26-11.59]","10.37 [9.44-11.4]","10.27 [9.41-11.23]","10.08 [9.25-10.98]","9.92 [9.11-10.79]","9.85 [9.13-10.64]","9.86 [9.17-10.62]","9.8 [9.12-10.55]","9.53 [8.87-10.25]","9.43 [8.78-10.14]","9.19 [8.53-9.93]","8.89 [8.18-9.68]","9.04 [8.29-9.86]","9.38 [8.62-10.21]","9.55 [8.8-10.38]","9.57 [8.81-10.38]","9.77 [9.01-10.56]","10.06 [9.31-10.88]","10.47 [9.7-11.31]","10.89 [10.08-11.76]","11.7 [10.84-12.64]","12.6 [11.51-13.81]"
"Mexico","6.61 [4.87-8.98]","6.74 [5.05-8.91]","6.8 [5.23-8.87]","6.83 [5.36-8.67]","6.79 [5.47-8.41]","6.73 [5.5-8.19]","6.73 [5.52-8.19]","6.79 [5.57-8.29]","6.91 [5.72-8.42]","7.04 [5.84-8.56]","7.18 [5.83-8.87]","7.3 [5.79-9.21]","7.38 [5.74-9.53]","7.43 [5.66-9.82]","7.5 [5.61-10.08]","7.61 [5.61-10.39]","7.83 [5.68-10.84]","8.13 [5.8-11.43]","8.48 [5.92-12.11]","8.86 [6.1-12.85]","9.23 [6.32-13.69]","9.58 [6.47-14.42]"
"Micronesia (Federated States of)","11.15 [6.6-18.53]","11.39 [6.82-18.69]","11.59 [7-18.96]","11.83 [7.19-19.01]","12.03 [7.37-19.25]","12.23 [7.55-19.51]","12.45 [7.74-19.62]","12.66 [7.91-20.04]","12.91 [8.08-20.29]","13.11 [8.26-20.58]","13.26 [8.34-20.89]","13.43 [8.48-21.18]","13.61 [8.56-21.35]","13.72 [8.67-21.64]","13.79 [8.65-21.89]","13.86 [8.64-21.89]","13.9 [8.69-22.15]","13.96 [8.67-22.43]","14.03 [8.63-22.83]","14.22 [8.63-23.15]","14.36 [8.63-23.65]","14.49 [8.65-24.26]"
"Monaco","1.56 [0.89-2.7]","1.59 [0.93-2.76]","1.64 [0.97-2.78]","1.7 [1.01-2.84]","1.75 [1.07-2.92]","1.82 [1.11-3.03]","1.89 [1.17-3.12]","1.97 [1.22-3.2]","2.03 [1.27-3.28]","2.08 [1.31-3.33]","2.14 [1.35-3.41]","2.19 [1.38-3.48]","2.24 [1.41-3.57]","2.3 [1.46-3.68]","2.38 [1.5-3.79]","2.45 [1.55-3.91]","2.52 [1.58-4]","2.57 [1.61-4.12]","2.63 [1.63-4.26]","2.69 [1.67-4.36]","2.76 [1.69-4.52]","2.82 [1.72-4.62]"
"Mongolia","4.39 [3.85-5.02]","4.48 [4-5.03]","4.61 [4.17-5.09]","4.77 [4.43-5.14]","5.01 [4.69-5.35]","5.22 [4.91-5.55]","5.41 [5.1-5.75]","5.64 [5.34-5.96]","5.96 [5.57-6.35]","6.24 [5.82-6.68]","6.46 [6.02-6.91]","6.68 [6.22-7.17]","6.95 [6.47-7.48]","7.46 [6.9-8.08]","8.18 [7.51-8.91]","8.92 [8.26-9.64]","9.6 [8.93-10.32]","10.35 [9.61-11.14]","11.05 [10.2-11.94]","11.45 [10.43-12.53]","11.78 [10.66-12.94]","12.13 [10.59-13.82]"
"Montenegro","3.37 [2.8-4.07]","3.5 [2.97-4.12]","3.59 [3.09-4.17]","3.75 [3.25-4.3]","3.93 [3.43-4.5]","4.1 [3.59-4.67]","4.29 [3.76-4.89]","4.42 [3.88-5.03]","4.5 [3.95-5.11]","4.51 [3.97-5.14]","4.51 [3.94-5.15]","4.46 [3.91-5.09]","4.45 [3.9-5.08]","4.41 [3.84-5.04]","4.41 [3.83-5.06]","4.48 [3.88-5.17]","4.6 [4.02-5.31]","4.79 [4.2-5.48]","4.97 [4.37-5.64]","5.11 [4.49-5.81]","5.17 [4.5-5.95]","5.14 [4.38-6.01]"
"Morocco","13.22 [9.29-18.88]","13.51 [9.67-18.87]","13.78 [10.09-18.94]","14.13 [10.48-18.95]","14.48 [10.92-19.06]","14.89 [11.42-19.13]","15.25 [11.94-19.35]","15.5 [12.2-19.69]","15.75 [12.42-19.87]","16.03 [12.65-20.26]","16.33 [12.96-20.65]","16.64 [13.33-20.91]","17.01 [13.74-21.22]","17.4 [14.14-21.58]","17.93 [14.46-22.3]","18.41 [14.75-23.09]","18.9 [15.01-23.95]","19.3 [15.28-24.49]","19.65 [15.49-25.03]","19.94 [15.78-25.38]","20.26 [15.93-25.81]","20.58 [15.87-26.77]"
"Mozambique","17.34 [13.38-22.57]","17.5 [13.77-22.25]","17.61 [13.97-22.25]","17.81 [14.11-22.53]","18.08 [14.27-22.9]","18.38 [14.4-23.55]","18.72 [14.61-24.02]","19.04 [14.8-24.59]","19.38 [15.03-25.12]","19.73 [15.19-25.75]","20.01 [15.38-26.24]","20.31 [15.57-26.62]","20.62 [15.88-26.97]","20.96 [16.09-27.47]","21.34 [16.38-28]","21.74 [16.82-28.46]","22.2 [17.15-28.82]","22.64 [17.49-29.33]","23.2 [18.13-29.97]","23.82 [18.68-30.46]","24.46 [19.26-31.15]","25.3 [19.61-32.79]"
"Myanmar","14.54 [8.63-24.44]","14.67 [8.84-24.31]","14.9 [9.05-24.64]","15.18 [9.33-24.89]","15.46 [9.58-25.33]","15.71 [9.8-25.58]","16.02 [9.96-26.02]","16.27 [10.13-26.39]","16.57 [10.34-26.67]","16.83 [10.56-26.98]","17.07 [10.7-27.19]","17.28 [10.75-27.88]","17.53 [10.89-28.35]","17.93 [11.11-29.35]","18.04 [11.24-29.94]","18.41 [11.4-30.45]","18.74 [11.58-31.15]","19.09 [11.7-31.97]","19.42 [11.84-32.76]","19.74 [11.97-33.51]","20.14 [11.99-34.44]","20.44 [12.14-35.32]"
"Namibia","17.28 [15.26-19.49]","17.49 [16.19-18.87]","17.68 [16.54-18.83]","16.91 [15.92-18]","16.35 [15.37-17.45]","16.64 [15.65-17.74]","16.91 [15.88-18]","16.66 [15.64-17.7]","16.18 [15.21-17.25]","15.9 [14.94-17]","16.09 [15.11-17.16]","16.37 [15.34-17.46]","16.33 [15.26-17.48]","16.26 [14.98-17.68]","16.26 [14.36-18.48]","16.36 [13.85-19.37]","16.54 [13.56-20.19]","16.76 [13.41-20.99]","17.07 [13.29-21.82]","17.35 [13.26-22.67]","17.63 [13.22-23.54]","17.91 [13.12-24.36]"
"Nauru","11.63 [6.89-19.52]","11.83 [7.04-19.64]","11.98 [7.24-19.69]","12.2 [7.35-19.94]","12.39 [7.53-20.12]","12.59 [7.68-20.4]","12.73 [7.88-20.54]","12.91 [8.01-20.65]","13.11 [8.14-20.99]","13.24 [8.26-21.18]","13.38 [8.39-21.41]","13.53 [8.49-21.56]","13.58 [8.49-21.52]","13.6 [8.55-21.63]","13.63 [8.58-21.85]","13.64 [8.51-21.95]","13.67 [8.5-22.01]","13.74 [8.42-22.17]","13.82 [8.41-22.46]","13.86 [8.36-22.74]","13.93 [8.36-23.28]","14.06 [8.35-23.65]"
"Nepal","15.72 [10.78-23.01]","16.16 [11.34-23.14]","16.61 [11.92-23.36]","17.15 [12.56-23.76]","17.77 [13.18-24.15]","18.42 [13.91-24.65]","19.12 [14.77-25.09]","19.91 [15.6-25.54]","20.69 [16.23-26.41]","21.47 [16.85-27.47]","22.26 [17.35-28.54]","23.08 [18.12-29.51]","23.95 [18.76-30.51]","24.79 [19.49-31.38]","25.61 [20.26-32.24]","26.42 [21.18-33.02]","27.26 [22-33.81]","28 [22.99-34.16]","28.5 [23.42-34.72]","29.01 [23.51-35.97]","29.65 [23.44-37.59]","30.34 [23.3-39.39]"
"Netherlands","2.22 [1.96-2.52]","2.21 [2.03-2.4]","2.18 [2.03-2.33]","2.1 [1.97-2.25]","2.08 [1.94-2.22]","2.17 [2.03-2.32]","2.29 [2.14-2.44]","2.36 [2.22-2.51]","2.43 [2.28-2.59]","2.64 [2.49-2.81]","2.85 [2.68-3.03]","2.97 [2.8-3.15]","3.15 [2.97-3.34]","3.38 [3.19-3.59]","3.58 [3.38-3.79]","3.83 [3.62-4.05]","4.11 [3.9-4.34]","4.33 [4.1-4.56]","4.58 [4.35-4.83]","4.92 [4.68-5.18]","5.15 [4.9-5.41]","5.17 [4.87-5.49]"
"New Zealand","2.61 [2.11-3.22]","2.64 [2.21-3.16]","2.68 [2.32-3.09]","2.72 [2.44-3.02]","2.75 [2.52-3]","2.8 [2.58-3.04]","2.81 [2.6-3.05]","2.87 [2.65-3.11]","2.92 [2.69-3.17]","2.99 [2.76-3.23]","3.09 [2.86-3.34]","3.18 [2.94-3.45]","3.27 [3.02-3.54]","3.31 [3.04-3.62]","3.34 [3.05-3.65]","3.41 [3.11-3.73]","3.54 [3.22-3.87]","3.66 [3.33-4.01]","3.68 [3.35-4.05]","3.67 [3.33-4.04]","3.66 [3.3-4.05]","3.66 [3.24-4.14]"
"Nicaragua","9.83 [6.46-15.03]","10.04 [6.73-14.98]","10.23 [6.98-14.93]","10.5 [7.28-15.04]","10.8 [7.55-15.25]","11.1 [7.92-15.41]","11.44 [8.26-15.7]","11.75 [8.67-15.87]","12.01 [8.94-16.04]","12.24 [9.26-16.07]","12.47 [9.57-16.14]","12.66 [9.89-16.16]","12.85 [10.27-16.2]","13.04 [10.38-16.44]","13.26 [10.49-16.85]","13.47 [10.65-17.07]","13.7 [10.78-17.28]","13.95 [10.97-17.74]","14.25 [11-18.52]","14.54 [11.05-19.27]","14.91 [11.06-20.16]","15.25 [11.06-21]"
"Niger","21.44 [14.21-32.28]","21.53 [14.36-32.09]","21.53 [14.58-31.74]","21.56 [14.78-31.1]","21.56 [15.04-30.74]","21.47 [15.29-30.16]","21.45 [15.48-29.98]","21.43 [15.71-29.46]","21.49 [15.91-29.07]","21.46 [16.21-28.68]","21.46 [16.46-28.37]","21.53 [16.82-28]","21.7 [17.19-27.96]","22.06 [17.25-28.9]","22.49 [17.31-29.89]","22.94 [17.27-30.95]","23.4 [17.22-32.24]","23.88 [17.25-33.29]","24.37 [17.2-34.54]","24.84 [17.21-35.59]","25.39 [17.36-36.81]","25.89 [17.51-38.09]"
"Nigeria","22.49 [13.73-36.71]","22.72 [13.92-36.78]","22.86 [14.09-37.09]","23.03 [14.37-36.77]","23.18 [14.59-36.82]","23.3 [14.65-36.51]","23.45 [14.8-36.7]","23.55 [14.9-36.68]","23.66 [15.06-36.63]","23.84 [15.36-36.86]","24.09 [15.44-37.18]","24.4 [15.65-37.69]","24.68 [15.85-38.4]","25.01 [15.85-39.08]","25.34 [16.05-39.55]","25.72 [16.16-40.26]","26.27 [16.44-41.16]","26.73 [16.65-42.26]","27.29 [16.87-43.54]","27.76 [17.03-44.61]","28.25 [17.21-45.82]","28.65 [17.26-47.18]"
"Niue","10 [6.02-16.66]","10.2 [6.19-16.8]","10.38 [6.31-16.99]","10.61 [6.54-17.11]","10.79 [6.72-17.25]","10.99 [6.88-17.49]","11.2 [7.03-17.7]","11.44 [7.24-18]","11.63 [7.4-18.33]","11.84 [7.52-18.62]","12.04 [7.68-18.94]","12.28 [7.82-19.18]","12.48 [7.96-19.54]","12.71 [8.05-20.04]","12.93 [8.15-20.43]","13.05 [8.15-20.84]","13.15 [8.22-21.07]","13.16 [8.2-21.26]","13.14 [8.14-21.16]","13.08 [7.99-21.34]","12.92 [7.85-21.38]","12.82 [7.71-21.51]"
"Norway","2.09 [1.85-2.35]","2.15 [1.94-2.38]","2.24 [2.04-2.46]","2.36 [2.15-2.57]","2.44 [2.24-2.66]","2.53 [2.33-2.74]","2.61 [2.4-2.83]","2.7 [2.49-2.94]","2.71 [2.5-2.94]","2.75 [2.52-2.98]","2.82 [2.61-3.05]","2.89 [2.67-3.14]","2.96 [2.73-3.21]","3.05 [2.82-3.31]","3.11 [2.88-3.37]","3.09 [2.85-3.36]","3.09 [2.85-3.35]","3.16 [2.92-3.42]","3.26 [3.01-3.53]","3.4 [3.14-3.69]","3.6 [3.32-3.9]","3.69 [3.35-4.06]"
"occupied Palestinian territory, including east Jerusalem","9.4 [5.64-15.69]","9.57 [5.77-15.85]","9.72 [5.92-15.89]","9.91 [6.11-16.18]","10.11 [6.29-16.41]","10.34 [6.5-16.69]","10.57 [6.68-17]","10.79 [6.88-17.3]","11 [7.02-17.56]","11.21 [7.16-17.79]","11.46 [7.28-18.14]","11.7 [7.43-18.56]","11.91 [7.58-18.85]","12.19 [7.67-19.49]","12.44 [7.81-20]","12.71 [7.98-20.48]","12.96 [8.1-20.85]","13.18 [8.24-21.36]","13.36 [8.29-21.84]","13.45 [8.28-22.16]","13.49 [8.28-22.51]","13.61 [8.22-22.97]"
"Oman","5.64 [5-6.34]","5.68 [5.29-6.1]","5.67 [5.39-5.99]","5.71 [5.37-6.07]","5.62 [5.21-6.06]","5.56 [5.13-6.03]","5.51 [5.06-5.99]","5.5 [5.04-5.99]","5.67 [5.21-6.16]","5.88 [5.4-6.4]","6.04 [5.55-6.58]","6.23 [5.72-6.81]","6.43 [5.9-7.02]","6.56 [6-7.19]","6.6 [5.94-7.28]","6.5 [5.74-7.34]","6.55 [5.57-7.63]","6.67 [5.5-8.04]","6.83 [5.48-8.44]","7.01 [5.5-8.87]","7.25 [5.56-9.39]","7.51 [5.63-9.96]"
"Pakistan","30.92 [24.59-38.82]","31.53 [25.88-38.61]","32.16 [26.98-38.49]","32.75 [27.95-38.57]","33.12 [28.55-38.49]","33.31 [29.09-38.26]","33.56 [29.58-38.09]","34.19 [30.23-38.7]","34.55 [30.33-39.32]","34.91 [30.39-40.11]","35.51 [30.74-41]","36.28 [31.37-42.01]","36.98 [31.85-43.18]","37.34 [31.74-44.28]","37.59 [31.51-45.05]","37.88 [31.46-45.69]","38 [31.61-45.82]","37.85 [31.34-45.84]","37.72 [31.21-45.99]","37.88 [30.53-47.55]","38.12 [29.91-49.1]","38.47 [29.47-50.64]"
"Palau","7.47 [4.39-12.53]","7.63 [4.52-12.71]","7.77 [4.68-12.93]","7.93 [4.83-13.09]","8.08 [4.94-13.32]","8.24 [5.08-13.45]","8.4 [5.2-13.68]","8.54 [5.28-13.95]","8.68 [5.38-14.07]","8.83 [5.52-14.22]","8.98 [5.63-14.42]","9.12 [5.72-14.59]","9.25 [5.78-14.81]","9.39 [5.86-15.08]","9.5 [5.89-15.36]","9.65 [5.93-15.64]","9.78 [5.97-15.9]","9.91 [6.02-16.18]","10.05 [6.07-16.54]","10.15 [6.12-16.86]","10.26 [6.1-17.13]","10.38 [6.13-17.42]"
"Panama","7.51 [4.56-12.4]","7.64 [4.7-12.49]","7.78 [4.8-12.59]","7.93 [4.92-12.73]","8.12 [5.07-12.95]","8.3 [5.2-13.23]","8.51 [5.38-13.53]","8.72 [5.54-13.88]","8.94 [5.73-14.09]","9.16 [5.88-14.45]","9.41 [6-14.8]","9.61 [6.14-15.26]","9.83 [6.3-15.75]","10.05 [6.41-16]","10.3 [6.52-16.4]","10.54 [6.62-16.85]","10.76 [6.7-17.39]","10.92 [6.74-17.74]","11.08 [6.75-18.2]","11.25 [6.81-18.6]","11.45 [6.86-19.09]","11.6 [6.94-19.48]"
"Papua New Guinea","14.8 [8.71-24.83]","14.95 [8.87-24.82]","15.1 [9.01-24.94]","15.29 [9.23-25.16]","15.39 [9.38-25.1]","15.54 [9.49-25.07]","15.66 [9.66-25.13]","15.81 [9.82-25.21]","15.98 [9.89-25.29]","16.11 [9.98-25.53]","16.28 [10.18-25.62]","16.41 [10.31-25.98]","16.6 [10.44-26.35]","16.7 [10.49-26.5]","16.84 [10.51-26.71]","16.96 [10.57-26.84]","17.06 [10.62-27.01]","17.2 [10.6-27.24]","17.35 [10.63-27.75]","17.48 [10.59-28.51]","17.67 [10.59-29.17]","17.84 [10.61-29.71]"
"Paraguay","10.02 [6.43-15.41]","10.21 [6.69-15.45]","10.41 [6.9-15.62]","10.65 [7.1-15.78]","10.9 [7.33-16.14]","11.21 [7.64-16.39]","11.56 [8.02-16.62]","11.92 [8.41-16.91]","12.27 [8.78-17.18]","12.68 [9.13-17.6]","13.04 [9.49-17.93]","13.49 [10.02-18.32]","13.95 [10.5-18.62]","14.46 [11.01-19.13]","14.99 [11.53-19.48]","15.53 [12.15-19.88]","15.95 [12.53-20.27]","16.17 [12.69-20.38]","16.24 [12.65-20.59]","16.27 [12.7-20.76]","16.36 [12.68-21]","16.51 [12.55-21.55]"
"Peru","6.63 [5.08-8.64]","6.76 [5.33-8.63]","6.89 [5.56-8.56]","7.05 [5.83-8.52]","7.32 [6.14-8.67]","7.64 [6.46-8.94]","7.82 [6.63-9.13]","8 [6.76-9.38]","8.19 [6.96-9.61]","8.42 [7.21-9.78]","8.7 [7.5-10.08]","8.93 [7.71-10.35]","9.2 [7.92-10.67]","9.52 [8.15-11.07]","10.04 [8.58-11.72]","10.64 [9.14-12.41]","11.33 [9.73-13.11]","11.95 [10.24-13.92]","12.42 [10.34-14.88]","12.88 [10.44-15.85]","13.37 [10.62-16.91]","13.83 [10.69-17.87]"
"Philippines","10.17 [7.14-14.52]","10.33 [7.38-14.48]","10.47 [7.63-14.45]","10.69 [7.93-14.41]","10.87 [8.29-14.39]","11.05 [8.54-14.4]","11.22 [8.84-14.39]","11.38 [9.08-14.29]","11.63 [9.35-14.54]","11.91 [9.67-14.82]","12.2 [9.99-15.04]","12.45 [10.26-15.32]","12.74 [10.45-15.73]","13.02 [10.61-16.15]","13.34 [10.86-16.49]","13.65 [11.11-16.93]","13.94 [11.32-17.13]","14.03 [11.33-17.32]","14.08 [11.3-17.53]","14.13 [11.25-17.57]","14.1 [11.24-17.68]","14.06 [11.12-17.83]"
"Poland","2.58 [2.42-2.75]","2.47 [2.34-2.6]","2.38 [2.26-2.51]","2.35 [2.23-2.48]","2.3 [2.15-2.47]","2.31 [2.14-2.5]","2.36 [2.2-2.54]","2.51 [2.37-2.65]","2.73 [2.59-2.87]","2.94 [2.8-3.09]","2.99 [2.85-3.14]","2.95 [2.81-3.1]","2.98 [2.84-3.13]","3.28 [3.13-3.44]","3.46 [3.29-3.62]","3.53 [3.37-3.7]","3.58 [3.41-3.76]","3.72 [3.52-3.91]","3.82 [3.52-4.15]","3.93 [3.58-4.32]","4.09 [3.77-4.44]","4.3 [4.06-4.57]"
"Portugal","2.23 [1.94-2.57]","2.3 [2.08-2.56]","2.4 [2.21-2.61]","2.48 [2.29-2.67]","2.47 [2.29-2.67]","2.52 [2.33-2.71]","2.57 [2.38-2.77]","2.57 [2.38-2.78]","2.55 [2.37-2.76]","2.6 [2.41-2.8]","2.58 [2.4-2.78]","2.64 [2.46-2.84]","2.78 [2.58-2.97]","2.82 [2.63-3.02]","2.92 [2.72-3.13]","3.04 [2.85-3.25]","3.1 [2.91-3.32]","3.18 [2.98-3.41]","3.4 [3.18-3.63]","3.65 [3.43-3.88]","3.85 [3.61-4.11]","4.03 [3.73-4.35]"
"Qatar","2.75 [2.3-3.29]","2.84 [2.46-3.3]","3.06 [2.71-3.47]","3.5 [3.15-3.88]","4.05 [3.68-4.45]","4.68 [4.29-5.11]","5.55 [5.1-6.05]","6.29 [5.79-6.84]","6.18 [5.67-6.75]","6.06 [5.53-6.64]","6.28 [5.75-6.87]","6.48 [5.93-7.07]","6.6 [6.03-7.2]","6.62 [6.04-7.25]","6.45 [5.86-7.09]","6.32 [5.72-6.99]","6.29 [5.68-6.94]","6.17 [5.56-6.83]","6.14 [5.53-6.83]","6.18 [5.54-6.9]","6.36 [5.66-7.13]","6.56 [5.75-7.47]"
"Republic of Korea","1.74 [1.62-1.88]","1.73 [1.62-1.84]","1.71 [1.61-1.82]","1.71 [1.62-1.82]","1.73 [1.63-1.83]","1.78 [1.69-1.88]","1.9 [1.8-2]","2.02 [1.92-2.12]","2.06 [1.96-2.17]","2.02 [1.92-2.12]","2 [1.9-2.1]","2.07 [1.97-2.18]","2.22 [2.09-2.36]","2.31 [2.08-2.57]","2.39 [2.06-2.79]","2.5 [2.09-3.01]","2.61 [2.11-3.23]","2.73 [2.14-3.47]","2.83 [2.17-3.68]","2.93 [2.19-3.88]","3.02 [2.23-4.1]","3.12 [2.25-4.3]"
"Republic of Moldova","6.98 [4.33-11.12]","7.08 [4.44-11.32]","7.17 [4.56-11.34]","7.31 [4.75-11.33]","7.45 [4.87-11.5]","7.55 [5-11.54]","7.68 [5.09-11.72]","7.8 [5.19-11.8]","7.95 [5.37-11.99]","8.12 [5.51-12.04]","8.26 [5.63-12.21]","8.39 [5.76-12.24]","8.5 [5.89-12.35]","8.62 [5.96-12.4]","8.78 [6.14-12.62]","9.01 [6.29-12.85]","9.29 [6.5-13.2]","9.68 [6.77-13.73]","10.21 [7.13-14.59]","10.82 [7.59-15.51]","11.44 [7.94-16.6]","12.01 [8.22-17.7]"
"North Macedonia","3.8 [3-4.82]","4.05 [3.3-4.98]","4.39 [3.69-5.23]","4.87 [4.23-5.63]","5.42 [4.74-6.22]","5.82 [5.09-6.66]","5.96 [5.2-6.84]","5.92 [5.16-6.78]","5.84 [5.08-6.7]","5.78 [5.04-6.63]","5.84 [5.1-6.7]","6.09 [5.31-6.97]","6.44 [5.63-7.39]","6.82 [5.98-7.78]","7.22 [6.34-8.19]","7.7 [6.81-8.65]","8.33 [7.48-9.25]","9.08 [8.23-10]","9.88 [9.11-10.72]","10.59 [9.84-11.4]","10.8 [10.04-11.65]","10.81 [9.89-11.87]"
"Romania","3.39 [3.16-3.64]","3.27 [3.09-3.46]","3.09 [2.92-3.28]","3.13 [2.96-3.31]","3.24 [3.07-3.43]","3.42 [3.24-3.62]","3.62 [3.43-3.83]","3.84 [3.64-4.06]","4.01 [3.79-4.23]","4.12 [3.91-4.34]","4.09 [3.88-4.32]","4.09 [3.88-4.3]","4.24 [4.03-4.46]","4.45 [4.23-4.68]","4.75 [4.52-4.99]","5.18 [4.94-5.44]","5.64 [5.38-5.91]","5.97 [5.69-6.25]","6.08 [5.79-6.37]","6.07 [5.8-6.36]","5.91 [5.64-6.2]","5.94 [5.62-6.27]"
"Russian Federation","3.29 [2.67-4.08]","3.52 [2.93-4.23]","3.75 [3.23-4.36]","3.95 [3.5-4.46]","4.15 [3.81-4.51]","4.38 [4.21-4.54]","4.45 [4.29-4.61]","4.09 [3.95-4.26]","4.24 [4.09-4.4]","4.6 [4.43-4.76]","4.56 [4.41-4.73]","4.61 [4.45-4.77]","4.74 [4.57-4.91]","4.98 [4.82-5.16]","5.26 [5.08-5.45]","5.4 [5.22-5.6]","5.64 [5.45-5.84]","5.81 [5.61-6.02]","6.08 [5.87-6.29]","6.38 [6.17-6.61]","6.59 [6.36-6.83]","6.68 [6.43-6.95]"
"Rwanda","16.75 [12.61-22.03]","16.98 [13.17-21.92]","17.23 [13.77-21.67]","17.52 [14.42-21.32]","17.81 [15.04-21.07]","18.13 [15.84-20.74]","18.48 [16.68-20.4]","18.69 [17.41-19.95]","18.21 [17.19-19.27]","17.83 [16.85-18.91]","18.15 [16.95-19.45]","18.71 [16.81-20.79]","19.32 [16.84-22.11]","20.02 [17.07-23.41]","20.84 [17.22-25.05]","21.71 [17.42-26.98]","22.66 [17.79-29]","23.67 [18.13-31.14]","24.74 [18.58-33.39]","25.89 [19.02-35.79]","27.12 [19.59-37.9]","28.27 [19.96-40.26]"
"Saint Kitts and Nevis","7.81 [4.73-12.86]","7.94 [4.85-13.05]","8.09 [4.99-13.11]","8.22 [5.1-13.22]","8.36 [5.22-13.34]","8.49 [5.35-13.53]","8.62 [5.43-13.65]","8.7 [5.45-13.62]","8.77 [5.52-13.58]","8.83 [5.58-13.67]","8.88 [5.63-13.6]","8.95 [5.68-13.85]","9.05 [5.73-13.97]","9.19 [5.79-14.25]","9.34 [5.87-14.62]","9.54 [6-14.92]","9.76 [6.12-15.4]","10.03 [6.19-15.89]","10.32 [6.38-16.46]","10.61 [6.46-17.01]","10.91 [6.56-17.68]","11.15 [6.63-18.37]"
"Saint Lucia","11.22 [8.63-14.51]","11.19 [8.8-14.17]","11.14 [8.97-13.85]","11.14 [9.05-13.62]","11.17 [9.2-13.49]","11.27 [9.32-13.53]","11.49 [9.58-13.74]","11.78 [9.98-13.95]","11.99 [10.23-14.09]","12.19 [10.44-14.28]","12.28 [10.53-14.43]","12.41 [10.61-14.52]","12.58 [10.79-14.76]","12.81 [11.01-14.91]","13.06 [11.29-15.08]","13.2 [11.47-15.21]","13.23 [11.53-15.25]","13.27 [11.54-15.31]","13.36 [11.58-15.46]","13.53 [11.65-15.68]","13.6 [11.64-15.84]","13.56 [11.35-16.18]"
"Saint Vincent and the Grenadines","11.91 [8.81-16.02]","12.19 [9.15-16.1]","12.46 [9.53-16.09]","12.73 [10.02-16.12]","13.03 [10.55-16.09]","13.37 [11.16-16.07]","13.69 [11.66-16.12]","13.71 [11.84-16.06]","13.67 [11.86-15.87]","13.67 [11.88-15.79]","13.72 [11.94-15.76]","13.55 [11.8-15.54]","13.12 [11.46-15.07]","12.67 [11.04-14.59]","12.25 [10.66-14.14]","11.89 [10.32-13.73]","11.55 [9.97-13.38]","11.25 [9.67-13.1]","10.91 [9.33-12.79]","10.61 [8.97-12.56]","10.43 [8.69-12.53]","10.35 [8.49-12.72]"
"Samoa","7.62 [4.49-12.75]","7.75 [4.63-12.77]","7.89 [4.8-12.92]","8.04 [4.91-12.99]","8.17 [5.03-13.2]","8.26 [5.1-13.35]","8.36 [5.2-13.46]","8.45 [5.32-13.55]","8.53 [5.34-13.63]","8.58 [5.33-13.68]","8.62 [5.43-13.69]","8.67 [5.47-13.62]","8.72 [5.52-13.72]","8.69 [5.49-13.66]","8.7 [5.45-13.65]","8.7 [5.41-13.79]","8.72 [5.42-13.94]","8.79 [5.41-14.14]","8.91 [5.43-14.41]","9.05 [5.47-14.84]","9.2 [5.5-15.21]","9.39 [5.58-15.62]"
"San Marino","1.67 [1.04-2.7]","1.7 [1.08-2.74]","1.74 [1.12-2.77]","1.79 [1.15-2.79]","1.83 [1.19-2.83]","1.87 [1.23-2.86]","1.89 [1.26-2.9]","1.92 [1.28-2.92]","1.95 [1.31-2.93]","1.97 [1.33-2.96]","2 [1.35-2.99]","2.03 [1.37-3.05]","2.08 [1.39-3.13]","2.14 [1.43-3.22]","2.21 [1.47-3.35]","2.29 [1.51-3.5]","2.38 [1.55-3.68]","2.48 [1.6-3.88]","2.59 [1.65-4.11]","2.71 [1.72-4.36]","2.84 [1.78-4.63]","2.99 [1.85-4.91]"
"Sao Tome and Principe","8.74 [5.39-14.4]","8.97 [5.55-14.67]","9.23 [5.77-14.91]","9.54 [6.05-15.3]","9.91 [6.28-15.69]","10.31 [6.59-16.35]","10.78 [6.95-16.91]","11.27 [7.22-17.58]","11.74 [7.51-18.33]","12.18 [7.84-19.06]","12.66 [8.15-19.63]","13.09 [8.4-20.27]","13.36 [8.48-20.76]","13.58 [8.58-21.15]","13.82 [8.71-21.42]","14.08 [8.86-22]","14.36 [8.96-22.44]","14.64 [9.13-23.03]","14.9 [9.19-23.71]","15.18 [9.32-24.31]","15.42 [9.35-24.98]","15.59 [9.32-25.56]"
"Saudi Arabia","4.24 [2.54-7.08]","4.33 [2.63-7.09]","4.44 [2.74-7.19]","4.56 [2.84-7.28]","4.7 [2.95-7.52]","4.87 [3.09-7.71]","5.05 [3.21-7.96]","5.24 [3.32-8.26]","5.45 [3.47-8.55]","5.67 [3.62-8.88]","5.9 [3.78-9.24]","6.12 [3.92-9.58]","6.33 [4.02-10.02]","6.55 [4.16-10.41]","6.78 [4.31-10.85]","7.04 [4.42-11.28]","7.29 [4.56-11.81]","7.54 [4.7-12.36]","7.79 [4.83-12.85]","8.05 [4.92-13.38]","8.28 [5.01-13.84]","8.55 [5.15-14.42]"
"Senegal","19.11 [16.35-22.3]","19.43 [17.34-21.78]","19.73 [18.39-21.14]","19.83 [18.72-21]","19.78 [18.7-20.96]","19.6 [18.38-21.04]","20.31 [18.43-22.38]","21.07 [18.7-23.64]","21.68 [19.01-24.56]","21.99 [19.2-25.06]","22.25 [19.35-25.4]","22.62 [19.54-26.1]","22.56 [19.31-26.36]","22.53 [19.08-26.51]","22.8 [19-27.19]","23.22 [19.02-28.03]","23.62 [19.23-28.89]","24.06 [19.44-29.6]","24.43 [19.76-30.26]","24.85 [20.03-30.79]","25.3 [19.98-31.9]","25.8 [19.85-33.24]"
"Serbia","4.81 [4.42-5.25]","4.79 [4.46-5.15]","4.73 [4.4-5.07]","4.67 [4.37-5.01]","4.69 [4.38-5.02]","4.81 [4.49-5.15]","4.79 [4.48-5.13]","4.69 [4.39-5.02]","4.63 [4.33-4.98]","4.72 [4.41-5.05]","4.76 [4.45-5.11]","4.91 [4.6-5.25]","5.04 [4.72-5.38]","5.08 [4.76-5.44]","5.14 [4.82-5.49]","5.11 [4.79-5.46]","5.11 [4.79-5.46]","5.2 [4.88-5.54]","5.28 [4.95-5.61]","5.36 [5.03-5.7]","5.3 [4.97-5.66]","5.22 [4.81-5.64]"
"Seychelles","9.35 [6.7-13.26]","9.48 [6.86-13.22]","9.57 [7.08-13.14]","9.64 [7.26-12.95]","9.7 [7.42-12.68]","9.72 [7.6-12.37]","9.73 [7.75-12.12]","9.74 [7.9-11.93]","9.7 [8.04-11.71]","9.57 [8.02-11.42]","9.39 [7.92-11.19]","9.22 [7.75-10.99]","9.12 [7.67-10.82]","9.09 [7.66-10.8]","9.06 [7.68-10.73]","9.06 [7.63-10.7]","9.01 [7.54-10.71]","8.98 [7.49-10.74]","8.99 [7.45-10.82]","8.9 [7.32-10.84]","8.78 [7.1-10.86]","8.72 [6.92-10.98]"
"Sierra Leone","23.13 [13.8-38.73]","23.39 [14.05-38.61]","23.57 [14.43-38.88]","23.83 [14.78-38.9]","24.02 [14.97-38.77]","24.25 [15.17-38.7]","24.51 [15.37-38.9]","24.85 [15.6-39.2]","25.43 [16-40.09]","26.11 [16.53-41.16]","26.82 [17.04-42.3]","27.5 [17.32-43.75]","28.31 [17.84-45.07]","29 [18.39-46.34]","29.72 [18.79-47.67]","30.43 [19.07-48.81]","30.89 [19.43-49.97]","31.4 [19.6-50.94]","31.88 [19.81-52.14]","32.42 [19.9-53.31]","32.86 [19.99-55.13]","33.13 [20.06-55.95]"
"Singapore","1.86 [1.56-2.22]","1.94 [1.68-2.24]","2.03 [1.79-2.29]","2.13 [1.89-2.4]","2.22 [1.99-2.47]","2.24 [2.02-2.48]","2.24 [2.03-2.48]","2.26 [2.03-2.52]","2.32 [2.08-2.59]","2.39 [2.16-2.64]","2.43 [2.2-2.67]","2.4 [2.19-2.65]","2.35 [2.13-2.6]","2.36 [2.14-2.61]","2.42 [2.2-2.68]","2.52 [2.29-2.78]","2.62 [2.39-2.89]","2.69 [2.45-2.96]","2.71 [2.47-2.97]","2.74 [2.5-3.01]","2.81 [2.55-3.1]","2.95 [2.63-3.3]"
"Slovakia","3.09 [2.78-3.43]","3.03 [2.77-3.3]","2.92 [2.69-3.18]","2.87 [2.64-3.12]","2.85 [2.63-3.1]","2.9 [2.67-3.15]","2.99 [2.76-3.25]","3.04 [2.8-3.3]","3.07 [2.83-3.33]","3.14 [2.9-3.4]","3.19 [2.95-3.46]","3.3 [3.05-3.57]","3.49 [3.23-3.77]","3.65 [3.38-3.94]","3.74 [3.46-4.04]","3.78 [3.51-4.08]","3.76 [3.48-4.06]","3.83 [3.54-4.13]","3.9 [3.61-4.22]","3.93 [3.63-4.24]","3.95 [3.65-4.28]","3.97 [3.6-4.39]"
"Slovenia","2.54 [2.17-2.95]","2.52 [2.21-2.89]","2.5 [2.2-2.84]","2.53 [2.24-2.86]","2.63 [2.33-2.95]","2.71 [2.42-3.03]","2.71 [2.43-3.04]","2.7 [2.41-3.03]","2.72 [2.43-3.04]","2.73 [2.43-3.05]","2.77 [2.47-3.08]","2.84 [2.54-3.17]","2.94 [2.64-3.28]","3.07 [2.75-3.41]","3.2 [2.88-3.58]","3.33 [3-3.72]","3.46 [3.11-3.87]","3.52 [3.15-3.93]","3.56 [3.17-3.97]","3.6 [3.2-4.03]","3.6 [3.16-4.07]","3.58 [3.08-4.14]"
"Solomon Islands","9.2 [5.52-15.69]","9.37 [5.64-15.85]","9.52 [5.79-15.93]","9.69 [5.97-15.99]","9.88 [6.14-16.04]","10.07 [6.28-16.3]","10.26 [6.36-16.73]","10.45 [6.49-16.91]","10.62 [6.61-17.21]","10.86 [6.75-17.46]","11.09 [6.88-17.7]","11.3 [6.98-17.97]","11.52 [7.17-18.35]","11.7 [7.25-18.73]","11.92 [7.39-19.06]","12.08 [7.43-19.45]","12.22 [7.46-19.77]","12.31 [7.57-19.95]","12.36 [7.54-20.13]","12.38 [7.51-20.33]","12.34 [7.41-20.63]","12.33 [7.35-20.74]"
"Somalia","28.03 [17.18-46.65]","28.4 [17.55-46.54]","28.7 [17.89-46.82]","29.04 [18.09-47.19]","29.32 [18.35-47.24]","29.82 [18.73-47.38]","30.08 [19.08-47.48]","30.45 [19.36-47.95]","30.66 [19.65-48.08]","31.04 [19.76-48.56]","31.42 [19.99-49.29]","31.84 [20.31-49.85]","32.2 [20.55-50.38]","32.51 [20.58-50.88]","32.82 [20.76-51.41]","32.87 [20.74-52.05]","32.97 [20.65-52.45]","32.93 [20.5-53.02]","32.92 [20.24-53.36]","32.91 [19.96-53.31]","32.79 [19.74-53.85]","32.7 [19.71-54.4]"
"South Africa","16.16 [13.9-18.86]","16.25 [14.5-18.21]","16.26 [14.73-17.92]","16.28 [14.82-17.85]","16.29 [14.84-17.92]","16.26 [14.76-17.98]","16.28 [14.64-18.13]","16.36 [14.61-18.28]","16.48 [14.47-18.72]","16.76 [14.57-19.14]","17.08 [14.74-19.79]","17.43 [14.88-20.37]","17.79 [15.12-20.85]","18.08 [15.27-21.33]","18.44 [15.43-21.98]","18.84 [15.76-22.56]","19.23 [15.84-23.23]","19.59 [16.02-23.89]","19.97 [16.17-24.52]","20.25 [16.03-25.44]","20.62 [15.9-26.46]","20.99 [15.83-27.62]"
"South Sudan","25.84 [15.7-42.28]","25.93 [15.84-41.88]","25.95 [15.96-41.49]","25.99 [16.02-41.48]","26.08 [16.08-41.35]","26.11 [16.25-41.3]","26.2 [16.48-41.02]","26.2 [16.66-40.86]","26.39 [16.78-41.04]","26.53 [17.03-41.02]","26.82 [17.31-41.21]","27.26 [17.58-42.13]","27.76 [17.83-42.63]","28.21 [18.09-43.35]","28.61 [18.35-44.39]","29.05 [18.51-45.15]","29.46 [18.61-46.35]","29.87 [18.62-47.87]","30.25 [18.56-48.79]","30.59 [18.67-49.9]","31.05 [18.76-51.3]","31.3 [18.77-52.79]"
"Spain","2.16 [1.93-2.43]","2.19 [2.05-2.34]","2.23 [2.11-2.35]","2.25 [2.14-2.37]","2.28 [2.17-2.4]","2.3 [2.21-2.39]","2.31 [2.21-2.4]","2.39 [2.28-2.51]","2.65 [2.52-2.78]","2.75 [2.62-2.88]","2.74 [2.61-2.87]","2.7 [2.58-2.84]","2.7 [2.58-2.83]","2.7 [2.57-2.83]","2.72 [2.59-2.84]","2.81 [2.68-2.94]","2.83 [2.7-2.96]","2.84 [2.71-2.98]","2.95 [2.81-3.09]","3.06 [2.92-3.21]","3.21 [3.06-3.37]","3.26 [3.09-3.45]"
"Sri Lanka","6.01 [5.56-6.47]","5.94 [5.57-6.33]","5.89 [5.53-6.26]","5.92 [5.57-6.3]","6.01 [5.65-6.37]","6.09 [5.73-6.48]","6.31 [5.9-6.73]","6.47 [5.97-6.99]","6.62 [6.13-7.17]","6.89 [6.17-7.7]","7.18 [6.26-8.26]","7.47 [6.41-8.77]","7.89 [6.66-9.38]","8.12 [6.78-9.78]","8.33 [6.89-10.12]","8.49 [6.95-10.42]","8.71 [7.03-10.78]","9.21 [7.37-11.55]","9.46 [7.42-12.16]","9.82 [7.5-12.91]","10.17 [7.61-13.67]","10.53 [7.75-14.37]"
"Sudan","21.99 [13.72-35.06]","22.23 [14.05-35.15]","22.41 [14.35-34.79]","22.64 [14.74-34.99]","22.87 [15.06-35.09]","23.2 [15.51-35.24]","23.54 [15.9-35.38]","23.92 [16.29-35.52]","24.27 [16.68-35.56]","24.56 [17-35.72]","24.87 [17.23-35.83]","25.11 [17.5-36.02]","25.3 [17.49-36.62]","25.4 [17.53-36.83]","25.61 [17.52-37.51]","25.89 [17.42-38.46]","26.1 [17.47-39.12]","26.45 [17.41-39.73]","26.68 [17.5-40.45]","27.07 [17.51-41.7]","27.41 [17.55-42.55]","27.85 [17.7-43.61]"
"Suriname","10.94 [6.56-18.02]","11.09 [6.76-18.24]","11.26 [6.94-18.32]","11.41 [7.05-18.45]","11.58 [7.18-18.5]","11.74 [7.33-18.71]","11.93 [7.54-18.77]","12.11 [7.69-19.1]","12.26 [7.82-19.37]","12.44 [7.99-19.57]","12.68 [8.12-19.82]","12.9 [8.22-20.22]","13.14 [8.32-20.72]","13.35 [8.43-20.96]","13.57 [8.59-21.39]","13.77 [8.72-21.73]","13.91 [8.76-22.19]","14.05 [8.72-22.61]","14.09 [8.7-22.77]","14.1 [8.56-22.93]","14.11 [8.55-23.2]","14.12 [8.42-23.74]"
"Sweden","2.45 [2.08-2.88]","2.49 [2.2-2.82]","2.58 [2.36-2.81]","2.71 [2.52-2.9]","2.72 [2.55-2.92]","2.74 [2.54-2.95]","2.81 [2.58-3.05]","2.89 [2.68-3.12]","2.9 [2.69-3.14]","2.93 [2.68-3.19]","2.95 [2.73-3.19]","2.96 [2.72-3.22]","2.97 [2.76-3.2]","2.98 [2.79-3.2]","2.99 [2.8-3.2]","2.99 [2.8-3.22]","3.05 [2.83-3.28]","3.18 [2.93-3.45]","3.33 [3.1-3.59]","3.48 [3.25-3.72]","3.63 [3.38-3.89]","3.74 [3.43-4.06]"
"Switzerland","2.41 [2.19-2.66]","2.37 [2.18-2.57]","2.33 [2.15-2.52]","2.29 [2.11-2.47]","2.26 [2.09-2.44]","2.27 [2.09-2.45]","2.27 [2.1-2.46]","2.28 [2.1-2.48]","2.26 [2.06-2.48]","2.23 [2.03-2.45]","2.24 [2.04-2.46]","2.26 [2.05-2.48]","2.32 [2.11-2.55]","2.39 [2.18-2.63]","2.46 [2.24-2.71]","2.53 [2.31-2.79]","2.59 [2.36-2.85]","2.66 [2.42-2.92]","2.74 [2.49-3.01]","2.75 [2.49-3.03]","2.75 [2.48-3.06]","2.75 [2.43-3.11]"
"Syrian Arab Republic","10.7 [6.29-18.05]","10.8 [6.45-17.91]","10.86 [6.58-17.87]","10.86 [6.64-17.73]","10.81 [6.69-17.64]","10.91 [6.75-17.47]","10.84 [6.78-17.3]","10.78 [6.78-17.31]","10.74 [6.77-17.15]","10.64 [6.73-16.92]","10.5 [6.66-16.63]","10.47 [6.66-16.53]","10.49 [6.64-16.53]","10.54 [6.7-16.59]","10.61 [6.7-16.77]","10.74 [6.75-16.83]","10.86 [6.79-17.09]","10.98 [6.87-17.48]","11.11 [6.91-17.9]","11.24 [6.89-18.33]","11.41 [6.9-18.76]","11.56 [6.93-19.25]"
"Tajikistan","9.13 [5.45-14.99]","9.31 [5.59-15.09]","9.46 [5.77-15.28]","9.65 [5.93-15.5]","9.81 [6.11-15.67]","9.98 [6.22-15.85]","10.16 [6.41-16.07]","10.35 [6.53-16.26]","10.58 [6.72-16.59]","10.83 [6.88-16.98]","11.12 [7.07-17.35]","11.39 [7.26-17.81]","11.64 [7.38-18.15]","11.84 [7.47-18.52]","11.99 [7.6-18.87]","12.12 [7.71-19.21]","12.3 [7.74-19.55]","12.52 [7.81-20.04]","12.82 [7.86-20.63]","13.13 [8.03-21.44]","13.47 [8.16-22.26]","13.79 [8.32-23.12]"
"Thailand","5.45 [3.26-9.12]","5.57 [3.37-9.16]","5.7 [3.48-9.29]","5.83 [3.6-9.38]","5.96 [3.71-9.57]","6.08 [3.81-9.67]","6.23 [3.92-9.86]","6.42 [4.04-10.08]","6.57 [4.15-10.4]","6.76 [4.28-10.67]","6.97 [4.42-10.91]","7.18 [4.56-11.22]","7.36 [4.65-11.57]","7.55 [4.78-11.85]","7.76 [4.86-12.21]","7.97 [5-12.61]","8.23 [5.11-13.05]","8.48 [5.23-13.64]","8.74 [5.34-14.36]","9.04 [5.47-14.95]","9.35 [5.62-15.57]","9.66 [5.7-16.26]"
"Timor-Leste","14.38 [8.62-23.8]","14.57 [8.86-23.79]","14.64 [8.96-23.71]","14.71 [9.02-23.43]","14.64 [9.1-23.27]","14.64 [9.17-23.13]","14.64 [9.23-22.89]","14.7 [9.3-23.02]","14.82 [9.44-23.09]","15.04 [9.55-23.57]","15.36 [9.78-24.01]","15.84 [10.04-24.87]","16.3 [10.41-25.6]","16.76 [10.62-26.44]","17.67 [10.99-27.88]","18.41 [11.44-29.41]","19.05 [11.74-30.58]","19.58 [12.03-31.73]","20.07 [12.18-32.7]","20.47 [12.41-33.64]","21.09 [12.75-35.08]","21.66 [12.95-36.39]"
"Togo","20.87 [12.72-34.34]","21.13 [12.94-34.62]","21.44 [13.32-34.55]","21.71 [13.55-34.49]","21.96 [13.85-34.38]","22.29 [14.14-34.44]","22.54 [14.33-34.84]","22.85 [14.62-35.17]","23.13 [14.83-35.44]","23.45 [15.09-35.81]","23.77 [15.28-36.4]","24.11 [15.51-37.07]","24.44 [15.67-37.94]","24.79 [16.02-38.71]","25.01 [16.13-39.29]","25.34 [16.2-39.71]","25.64 [16.21-40.22]","25.94 [16.25-40.97]","26.28 [16.36-41.55]","26.69 [16.43-42.8]","27.04 [16.6-43.58]","27.4 [16.7-44.9]"
"Tonga","6.48 [3.91-10.6]","6.6 [4-10.73]","6.7 [4.14-10.74]","6.79 [4.22-10.83]","6.86 [4.29-10.84]","6.96 [4.35-10.89]","7.01 [4.43-10.95]","7.03 [4.44-10.95]","7.05 [4.43-10.96]","7.11 [4.47-11.06]","7.15 [4.49-11.21]","7.23 [4.54-11.26]","7.31 [4.61-11.34]","7.41 [4.67-11.59]","7.53 [4.7-11.85]","7.66 [4.78-12.11]","7.8 [4.84-12.45]","7.93 [4.85-12.67]","8.08 [4.89-12.92]","8.24 [4.92-13.25]","8.36 [4.98-13.65]","8.48 [5.03-13.99]"
"Trinidad and Tobago","8.75 [6.15-12.34]","8.87 [6.35-12.38]","9.02 [6.56-12.33]","9.16 [6.75-12.28]","9.3 [6.99-12.27]","9.46 [7.26-12.22]","9.61 [7.54-12.17]","9.74 [7.86-12.06]","9.92 [8.27-11.91]","10.1 [8.71-11.74]","10.27 [9.16-11.53]","10.4 [9.37-11.54]","10.74 [9.58-12.03]","10.97 [9.46-12.8]","11.17 [9.3-13.39]","11.34 [9.17-14.08]","11.5 [9.06-14.65]","11.66 [9.05-15.22]","11.8 [8.92-15.72]","11.89 [8.85-16.13]","11.95 [8.71-16.52]","12.02 [8.57-16.94]"
"Tunisia","10.51 [7.55-14.55]","10.65 [7.84-14.4]","10.76 [8.12-14.16]","10.87 [8.44-14.02]","10.98 [8.76-13.81]","11.08 [9.07-13.52]","11.2 [9.45-13.26]","11.32 [9.94-12.88]","11.45 [10.41-12.61]","11.54 [10.16-13.09]","11.63 [9.87-13.7]","11.73 [9.68-14.29]","11.9 [9.5-14.83]","12.09 [9.42-15.41]","12.33 [9.46-16.02]","12.58 [9.46-16.6]","12.88 [9.54-17.36]","13.22 [9.64-18.17]","13.62 [9.78-18.98]","14.07 [9.88-19.91]","14.5 [10.04-20.95]","15.05 [10.22-22.05]"
"TÃ¼rkiye","4.22 [4.04-4.41]","4.38 [4.22-4.55]","4.44 [4.28-4.6]","4.43 [4.27-4.6]","4.55 [4.39-4.72]","4.76 [4.59-4.94]","4.8 [4.63-4.98]","5.06 [4.89-5.25]","5.38 [5.2-5.56]","5.5 [5.32-5.69]","5.7 [5.5-5.92]","5.85 [5.39-6.34]","6.26 [5.53-7.06]","6.79 [5.83-7.93]","7.4 [6.18-8.81]","8.02 [6.6-9.69]","8.63 [7.01-10.56]","9.22 [7.39-11.48]","9.8 [7.78-12.36]","10.39 [8.2-13.12]","10.97 [8.53-14.02]","11.42 [8.72-14.88]"
"Turkmenistan","9.46 [5.65-15.76]","9.55 [5.74-15.74]","9.6 [5.84-15.76]","9.64 [5.92-15.73]","9.64 [5.96-15.57]","9.61 [5.98-15.43]","9.55 [5.94-15.21]","9.48 [5.97-15.08]","9.47 [5.99-14.98]","9.5 [6.03-14.99]","9.53 [6.06-14.99]","9.59 [6.13-15.03]","9.69 [6.17-15.17]","9.8 [6.24-15.43]","9.95 [6.26-15.76]","10.12 [6.32-16.09]","10.36 [6.42-16.47]","10.56 [6.55-16.91]","10.79 [6.65-17.41]","10.97 [6.67-17.96]","11.11 [6.7-18.26]","11.23 [6.71-18.59]"
"Tuvalu","9.25 [5.64-15.5]","9.44 [5.85-15.6]","9.61 [6.04-15.68]","9.82 [6.16-15.77]","10.01 [6.29-16.07]","10.24 [6.5-16.3]","10.48 [6.74-16.57]","10.76 [6.95-16.81]","11.08 [7.16-17.17]","11.42 [7.35-17.76]","11.79 [7.61-18.39]","12.21 [7.88-19.13]","12.66 [8.12-19.99]","13.12 [8.36-20.78]","13.63 [8.61-21.61]","14.03 [8.84-22.36]","14.36 [8.97-22.99]","14.6 [9.08-23.59]","14.78 [9.09-24.15]","14.97 [9.08-24.61]","15.09 [9.08-24.96]","15.19 [9.06-25.3]"
"Uganda","15.1 [14.12-16.25]","16.34 [15.45-17.28]","17.46 [16.62-18.27]","18.04 [16.91-19.18]","18.34 [16.55-20.32]","18.65 [16.41-21.27]","19.01 [16.54-21.89]","19.41 [16.69-22.44]","19.78 [16.91-23.19]","20.12 [17.04-23.79]","20.45 [17.36-24.24]","20.77 [17.73-24.39]","20.98 [17.97-24.41]","20.89 [17.82-24.4]","20.87 [17.66-24.57]","20.89 [17.57-24.79]","21.03 [17.57-25.14]","21.21 [17.5-25.7]","21.6 [17.45-26.77]","22.02 [17.33-28.07]","22.47 [17.24-29.37]","22.89 [17.12-30.65]"
"Ukraine","4.94 [4.45-5.49]","4.9 [4.44-5.4]","4.81 [4.37-5.29]","4.75 [4.31-5.23]","4.72 [4.29-5.19]","4.72 [4.28-5.19]","4.76 [4.33-5.22]","4.83 [4.39-5.29]","4.9 [4.45-5.39]","4.97 [4.53-5.46]","5.06 [4.61-5.56]","5.17 [4.7-5.68]","5.26 [4.76-5.8]","5.34 [4.81-5.94]","5.46 [4.84-6.18]","5.67 [4.85-6.62]","5.9 [4.89-7.1]","6.13 [4.97-7.59]","6.38 [5.02-8.07]","6.63 [5.1-8.58]","6.86 [5.17-9.09]","7.07 [5.21-9.54]"
"United Arab Emirates","4.68 [3.89-5.62]","4.75 [4.1-5.52]","4.83 [4.32-5.39]","4.93 [4.5-5.41]","4.98 [4.57-5.44]","5.13 [4.71-5.58]","5.28 [4.86-5.76]","5.4 [4.95-5.89]","5.59 [5.05-6.17]","5.85 [5.18-6.63]","6.16 [5.34-7.07]","6.45 [5.57-7.48]","6.77 [5.85-7.8]","7.1 [6.26-8.04]","7.38 [6.65-8.16]","7.42 [6.77-8.12]","7.46 [6.81-8.17]","7.54 [6.82-8.33]","7.69 [7.01-8.42]","7.97 [7.29-8.71]","8.32 [7.57-9.12]","8.49 [7.58-9.48]"
"United Kingdom of Great Britain and Northern Ireland","2.7 [2.44-3.01]","2.69 [2.56-2.84]","2.65 [2.54-2.78]","2.73 [2.62-2.85]","2.88 [2.76-3]","2.98 [2.85-3.11]","3.02 [2.89-3.15]","3.19 [3.05-3.33]","3.38 [3.13-3.64]","3.57 [3.28-3.88]","3.72 [3.45-4]","3.82 [3.65-4]","3.93 [3.64-4.25]","4.03 [3.66-4.43]","4.13 [3.73-4.56]","4.24 [3.82-4.68]","4.32 [3.9-4.78]","4.37 [3.94-4.85]","4.4 [3.95-4.89]","4.41 [3.95-4.91]","4.42 [3.93-4.97]","4.43 [3.87-5.09]"
"United Republic of Tanzania","18.28 [13.18-25.57]","18.55 [13.69-25.33]","18.89 [14.15-25.34]","19.19 [14.69-25.15]","19.58 [15.2-25.24]","20.02 [15.96-25.18]","20.38 [16.63-24.83]","20.8 [17.45-24.7]","21.25 [18.04-24.94]","21.53 [18.31-25.39]","21.45 [18.11-25.54]","21.46 [17.98-25.75]","21.47 [17.9-25.85]","21.51 [17.96-25.83]","21.61 [18.07-26.04]","21.96 [18.16-26.65]","22.39 [18.39-27.46]","22.92 [18.75-28.23]","23.51 [19.29-29.03]","24.16 [19.79-29.9]","25.06 [20.11-31.52]","25.9 [20.48-32.99]"
"United States of America","2.73 [2.48-3.01]","2.75 [2.64-2.86]","2.73 [2.64-2.83]","2.77 [2.68-2.87]","2.82 [2.73-2.92]","2.85 [2.76-2.95]","2.83 [2.74-2.93]","2.84 [2.75-2.94]","2.95 [2.85-3.05]","2.97 [2.88-3.08]","2.97 [2.87-3.07]","2.97 [2.87-3.07]","2.97 [2.87-3.07]","3.09 [2.98-3.19]","2.99 [2.89-3.1]","2.96 [2.86-3.06]","2.98 [2.89-3.09]","3.1 [2.99-3.2]","3.11 [3.01-3.22]","3.19 [3.08-3.3]","3.27 [3.16-3.38]","3.31 [3.19-3.44]"
"Uruguay","4.8 [3.89-5.91]","4.78 [3.99-5.7]","4.71 [4.09-5.42]","4.76 [4.32-5.28]","4.86 [4.49-5.29]","4.83 [4.46-5.21]","4.85 [4.5-5.24]","4.97 [4.62-5.35]","4.98 [4.62-5.37]","4.89 [4.51-5.32]","4.81 [4.39-5.28]","4.83 [4.44-5.25]","5.01 [4.61-5.44]","5.43 [4.98-5.94]","5.95 [5.51-6.41]","6.28 [5.84-6.74]","6.5 [6.06-6.97]","6.75 [6.32-7.21]","6.9 [6.47-7.38]","6.91 [6.46-7.39]","7.07 [6.6-7.56]","7.36 [6.78-7.97]"
"Uzbekistan","5.87 [3.57-9.69]","6.06 [3.72-9.86]","6.27 [3.9-10.1]","6.48 [4.04-10.32]","6.72 [4.22-10.61]","6.95 [4.42-10.91]","7.2 [4.59-11.27]","7.49 [4.77-11.67]","7.8 [4.99-12.11]","8.13 [5.22-12.73]","8.48 [5.46-13.25]","8.84 [5.71-13.89]","9.26 [5.97-14.45]","9.67 [6.2-15.22]","10.08 [6.41-16]","10.41 [6.6-16.59]","10.7 [6.76-17.18]","11.02 [6.9-17.75]","11.3 [7.05-18.26]","11.59 [7.2-18.91]","11.87 [7.3-19.53]","12.09 [7.37-20.03]"
"Vanuatu","10.6 [6.34-17.78]","10.79 [6.53-17.86]","10.97 [6.69-17.98]","11.18 [6.84-18.23]","11.33 [7.04-18.42]","11.48 [7.1-18.58]","11.62 [7.22-18.71]","11.76 [7.33-18.78]","11.83 [7.39-18.82]","11.85 [7.43-18.93]","11.86 [7.42-19.02]","11.85 [7.42-19.07]","11.85 [7.38-19.13]","11.83 [7.37-19.09]","11.89 [7.36-19.43]","11.87 [7.31-19.4]","11.85 [7.29-19.44]","11.81 [7.21-19.45]","11.8 [7.17-19.53]","11.77 [7.06-19.66]","11.81 [7.01-19.91]","11.89 [6.98-20.14]"
"Venezuela (Bolivarian Republic of)","10.69 [6.47-18.01]","10.7 [6.5-17.89]","10.7 [6.57-17.55]","10.7 [6.66-17.44]","10.71 [6.68-17.4]","10.72 [6.74-17.28]","10.63 [6.7-16.96]","9.41 [5.98-14.97]","9.51 [6.05-15.15]","9.57 [6.05-15.26]","9.39 [5.97-15]","9.2 [5.85-14.63]","9.11 [5.83-14.44]","9.14 [5.81-14.53]","9.22 [5.85-14.76]","9.32 [5.86-15]","9.39 [5.85-15.16]","9.34 [5.84-15.14]","9.25 [5.76-15.09]","9.25 [5.7-15.12]","9.42 [5.73-15.53]","9.65 [5.76-16.07]"
"Viet Nam","8.02 [5.18-12.65]","8.12 [5.32-12.62]","8.21 [5.42-12.55]","8.28 [5.53-12.49]","8.36 [5.63-12.45]","8.46 [5.77-12.37]","8.58 [5.89-12.49]","8.71 [6.06-12.54]","8.85 [6.2-12.65]","9 [6.38-12.64]","9.13 [6.5-12.68]","9.24 [6.65-12.82]","9.36 [6.79-12.91]","9.49 [6.82-13.19]","9.61 [6.87-13.52]","9.75 [6.86-13.97]","9.93 [6.88-14.4]","10.12 [6.98-14.75]","10.33 [7.04-15.33]","10.57 [7.09-15.77]","10.84 [7.19-16.35]","11.11 [7.23-17.01]"
"Yemen","23.42 [16.34-33.62]","23.46 [16.68-33.07]","23.56 [17.05-32.7]","23.66 [17.48-32.2]","23.74 [17.86-31.75]","23.72 [18.06-31.32]","23.23 [17.84-30.31]","22.61 [17.52-29.3]","22.01 [17.34-28.12]","21.43 [17.07-27.31]","20.97 [16.78-26.71]","20.83 [16.41-26.85]","20.88 [16.16-27.28]","21.08 [15.91-27.91]","21.38 [15.95-28.69]","21.72 [15.98-29.67]","22.01 [15.93-30.64]","22.34 [15.8-31.51]","22.65 [15.83-32.47]","23 [15.89-33.34]","23.33 [15.9-34.21]","23.72 [15.83-35.24]"
"Zambia","14.23 [13.26-15.27]","14.32 [13.51-15.17]","14.44 [13.66-15.3]","15.19 [14.19-16.18]","15.53 [14.02-17.14]","15.7 [13.84-17.79]","15.9 [13.87-18.24]","16.08 [13.98-18.48]","16.2 [14.07-18.64]","16.4 [14.25-18.85]","16.75 [14.54-19.28]","17.41 [14.99-20.26]","18.11 [15.4-21.31]","18.74 [15.71-22.27]","19.04 [15.7-23.2]","19.25 [15.55-24.12]","19.57 [15.44-25.08]","20.02 [15.42-26.17]","20.52 [15.43-27.43]","21.04 [15.52-28.77]","21.56 [15.53-29.97]","21.94 [15.59-31.2]"
"Zimbabwe","19.48 [18.03-20.9]","18.63 [17.52-19.72]","17.08 [16.15-18.12]","16.16 [15.26-17.16]","15.99 [15.11-17]","16.49 [15.6-17.51]","17.57 [16.6-18.66]","19.44 [18.33-20.61]","21.64 [20-23.19]","22.81 [20.26-25.56]","23.67 [20.34-27.46]","24.38 [20.44-29.23]","24.92 [20.47-30.73]","25.05 [20.12-31.47]","24.98 [19.59-32.1]","24.84 [19.12-32.64]","24.75 [18.69-33.35]","24.6 [18.16-33.64]","24.31 [17.59-33.78]","23.91 [16.97-34.05]","23.47 [16.4-33.78]","23.11 [15.98-33.68]"
